subject_id,p_1k1b_NLL,p_1k1b_AIC,p_1k1b_BIC,p_1k2b_NLL,p_1k2b_AIC,p_1k2b_BIC,p_2k1b_NLL,p_2k1b_AIC,p_2k1b_BIC,p_2k2b_NLL,p_2k2b_AIC,p_2k2b_BIC,l_1k1b_NLL,l_1k1b_AIC,l_1k1b_BIC,l_1k2b_NLL,l_1k2b_AIC,l_1k2b_BIC,l_2k1b_NLL,l_2k1b_AIC,l_2k1b_BIC,l_2k2b_NLL,l_2k2b_AIC,l_2k2b_BIC,h_1k1b_NLL,h_1k1b_AIC,h_1k1b_BIC,h_1k2b_NLL,h_1k2b_AIC,h_1k2b_BIC,h_2k1b_NLL,h_2k1b_AIC,h_2k1b_BIC,h_2k2b_NLL,h_2k2b_AIC,h_2k2b_BIC,grupo
155,19.3416969898021,42.6833939796043,46.4257960014201,28.4947875889103,62.9895751778207,68.6031782105443,19.3416969897816,44.6833939795633,50.2969970122869,28.4947859488331,64.9895718976662,72.4743759412977,12.5061363363157,29.0122726726314,32.7546746944472,26.0106882651525,58.021376530305,63.6349795630287,18.3137292136334,42.6274584272667,48.2410614599904,26.01068826518,60.02137653036,67.5061805739916,17.2702259879281,38.5404519758562,42.2828539976719,28.0920628559963,62.1841257119927,67.7977287447164,19.3416819580916,44.6833639161832,50.2969669489068,28.0920628610173,64.1841257220346,71.6689297656661,0
332,20.7913427567779,45.5826855135559,49.3250875353717,29.0782087180665,64.156417436133,69.7700204688567,20.791342895724,47.582685791448,53.1962888241716,29.0782071180674,66.1564142361349,73.6412182797665,17.1509600664517,38.3019201329034,42.0443221547191,28.5692120401708,63.1384240803417,68.7520271130654,20.7747109983578,47.5494219967156,53.1630250294393,28.5692120390603,65.1384240781206,72.6232281217521,16.8454102405638,37.6908204811276,41.4332225029434,27.1373878866069,60.2747757732138,65.8883788059375,20.7830396389197,47.5660792778395,53.1796823105632,27.1373878981885,62.2747757963771,69.7595798400086,1
548,10.39720932803,24.7944186560601,28.5368206778759,20.7944473824061,47.5888947648121,53.2024977975358,10.3972093288756,26.7944186577512,32.4080216904749,20.7944554295797,49.5889108591594,57.0737149027909,-0,4,7.74240202181578,15.9423851528787,37.8847703057575,43.4983733384812,5.54517744447956,17.0903548889591,22.7039579216828,15.9423851528787,39.8847703057575,47.369574349389,-0,4,7.74240202181578,15.9423851528787,37.8847703057575,43.4983733384812,5.54517744447956,17.0903548889591,22.7039579216828,15.9423851528787,39.8847703057575,47.369574349389,0
849,10.397215795354,24.7944315907081,28.5368336125238,20.1012698359258,46.2025396718516,51.8161427045753,10.3972115264605,26.7944230529209,32.4080260856446,20.1013315738196,48.2026631476392,55.6874671912707,-0,4,7.74240202181578,14.5560907917589,35.1121815835177,40.7257846162414,4.85203026391962,15.7040605278392,21.3176635605629,14.5560907917589,37.1121815835177,44.5969856271493,-0,4,7.74240202181578,14.5560907917589,35.1121815835177,40.7257846162414,4.85203026391962,15.7040605278392,21.3176635605629,14.5560907917589,37.1121815835177,44.5969856271493,1
893,11.0903630073764,26.1807260147529,29.9231280365687,22.1807177866169,50.3614355732338,55.9750386059575,11.0903628344091,28.1807256688183,33.7943287015419,22.1807496381784,52.3614992763569,59.8463033199884,-0,4,7.74240202181578,16.6355323334387,39.2710646668774,44.884667699601,5.54517744447956,17.0903548889591,22.7039579216828,16.6355323334387,41.2710646668774,48.7558687105089,-0,4,7.74240202181578,16.6355323334387,39.2710646668774,44.884667699601,5.54517744447956,17.0903548889591,22.7039579216828,16.6355323334387,41.2710646668774,48.7558687105089,1
974,17.2305814177322,38.4611628354645,42.2035648572803,21.6835398372931,49.3670796745863,54.98068270731,18.4694062572231,42.9388125144461,48.5524155471698,21.6835398372932,51.3670796745863,58.8518837182179,20.0080533134099,44.0161066268199,47.7585086486356,24.2560615360505,54.512123072101,60.1257261048247,20.6367802367742,47.2735604735485,52.8871635062722,24.2560615396752,56.5121230793504,63.996927122982,20.4837459509813,44.9674919019626,48.7098939237784,24.50547320138,55.0109464027599,60.6245494354836,21.2724460883197,48.5448921766394,54.1584952093631,24.5054732014731,57.0109464029462,64.4957504465777,1
1019,31.7820504636139,67.5641009272279,71.3065029490436,25.9629607099372,57.9259214198745,63.5395244525981,19.4282923060575,44.856584612115,50.4701876448387,25.9629607099372,59.9259214198745,67.4107254635061,31.7714733382087,67.5429466764174,71.2853486982332,21.7683336458259,49.5366672916519,55.1502703243755,15.7815453331627,37.5630906663255,43.1766936990492,21.7683336459162,51.5366672918324,59.021471335464,31.7820193809871,67.5640387619742,71.30644078379,23.2106205454522,52.4212410909045,58.0348441236281,9.93884583176619,25.8776916635324,31.4912946962561,23.2106205449913,54.4212410899826,61.9060451336142,1
1083,26.4870965412274,56.9741930824547,60.7165951042705,29.7089274425421,65.4178548850842,71.0314579178079,27.0733762065102,60.1467524130203,65.760355445744,29.7089274425421,67.4178548850842,74.9026589287158,28.7365845457361,61.4731690914721,65.2155711132879,31.1673886929042,68.3347773858084,73.9483804185321,28.6329450508957,63.2658901017914,68.8794931345151,31.1673886879506,70.3347773759012,77.8195814195328,27.9101157031706,59.8202314063412,63.562633428157,30.7740117854988,67.5480235709976,73.1616266037213,28.1286304296601,62.2572608593201,67.8708638920438,30.7740117864167,69.5480235728334,77.0328276164649,1
1126,14.2213216172159,32.4426432344317,36.1850452562475,23.188269838365,52.3765396767301,57.9901427094537,14.2213216172547,34.4426432345095,40.0562462672331,23.1882698383367,54.3765396766733,61.8613437203049,5.32131594596287,14.6426318919257,18.3850339137415,18.8202785982824,43.6405571965648,49.2541602292885,11.9621745716373,29.9243491432746,35.5379521759982,18.8202785983073,45.6405571966147,53.1253612402462,8.32390683018854,20.6478136603771,24.3902156821929,20.5093532175775,47.018706435155,52.6323094678787,13.3767511428884,32.7535022857767,38.3671053185004,20.5093532080396,49.0187064160793,56.5035104597108,0
1252,26.0614422004356,56.1228844008712,59.865286422687,29.232124975886,64.4642499517721,70.0778529844958,26.0614425204587,58.1228850409174,63.7364880736411,29.2321249736395,66.4642499472789,73.9490539909105,22.2843942837598,48.5687885675196,52.3111905893354,27.1211580069807,60.2423160139615,65.8559190466851,24.7267215789647,55.4534431579294,61.0670461906531,27.1211580069808,62.2423160139615,69.7271200575931,25.643002942621,55.286005885242,59.0284079070578,29.0743204451571,64.1486408903142,69.7622439230379,25.9983363746404,57.9966727492808,63.6102757820044,29.074320433162,66.148640866324,73.6334449099556,1
1363,28.2290443888116,60.4580887776232,64.200490799439,28.1970860808861,62.3941721617723,68.0077751944959,28.2290367888786,62.4580735777573,68.0716766104809,28.1970872820043,64.3941745640086,71.8789786076402,27.5692198082353,59.1384396164706,62.8808416382864,28.0943970908421,62.1887941816842,67.8023972144079,27.8046758331722,61.6093516663444,67.2229546990681,28.0943970926163,64.1887941852325,71.6735982288641,28.1668845888448,60.3337691776897,64.0761711995055,28.1803938744131,62.3607877488263,67.97439078155,28.1118985355694,62.2237970711388,67.8374001038625,28.1803938750263,64.3607877500525,71.8455917936841,0
1423,11.0903629868667,26.1807259737335,29.9231279955493,21.48756420076,48.9751284015199,54.5887314342436,11.0903565774086,28.1807131548173,33.7943161875409,21.4875642447394,50.9751284894787,58.4599325331103,3.9408358669905,11.881671733981,15.6240737557968,18.904620117001,43.809240234002,49.4228432667256,8.50741240859981,23.0148248171996,28.6284278499233,18.904620116999,45.809240233998,53.2940442776295,-0,4,7.74240202181578,18.8481487928655,43.696297585731,49.3099006184546,8.47367177502793,22.9473435500559,28.5609465827795,18.8481487928578,45.6962975857155,53.1811016293471,1
1499,27.9298809662505,59.8597619325009,63.6021639543167,31.0732639309478,68.1465278618956,73.7601308946193,26.635404145163,59.2708082903259,64.8844113230496,31.0732639309478,70.1465278618956,77.6313319055272,27.5180195853467,59.0360391706933,62.7784411925091,31.0019866097457,68.0039732194913,73.617576252215,26.0452637126979,58.0905274253957,63.7041304581194,31.001986609576,70.003973219152,77.4887772627836,27.778684929555,59.5573698591101,63.2997718809259,30.7608485635191,67.5216971270382,73.1353001597619,23.8605055419169,53.7210110838337,59.3346141165574,30.7608485646916,69.5216971293833,77.0065011730149,0
1867,32.2434861945887,68.4869723891774,72.2293744109932,32.5789312315278,71.1578624630555,76.7714654957792,32.5779175663165,71.155835132633,76.7694381653567,32.5786678025473,73.1573356050946,80.6421396487262,32.3405250297154,68.6810500594308,72.4234520812466,32.0114024062204,70.0228048124407,75.6364078451644,31.5578077944623,69.1156155889246,74.7292186216483,32.0114024086459,72.0228048172918,79.5076088609234,31.0081731285126,66.0163462570253,69.7587482788411,31.7543501335348,69.5087002670695,75.1223032997932,31.4359831906797,68.8719663813595,74.4855694140832,31.7543501335531,71.5087002671062,78.9935043107378,0
1870,27.0575189054594,58.1150378109187,61.8574398327345,26.1093341588863,58.2186683177726,63.8322713504962,21.4686545248887,48.9373090497774,54.550912082501,26.1093342232843,60.2186684465685,67.7034724902001,27.0632597171001,58.1265194342002,61.868921456016,25.6594879400603,57.3189758801205,62.9325789128442,19.8582340153503,45.7164680307006,51.3300710634243,25.6594879399272,59.3189758798544,66.803779923486,27.0631983557884,58.1263967115768,61.8687987333926,26.6237592337177,59.2475184674353,64.861121500159,16.5283199871308,39.0566399742616,44.6702430069853,26.6237592080124,61.2475184160248,68.7323224596563,1
2397,19.5485121778606,43.0970243557213,46.8394263775371,25.0601226187479,56.1202452374958,61.7338482702195,19.6880956272002,45.3761912544004,50.989794287124,25.0601226187479,58.1202452374957,65.6050492811273,20.4914750309008,44.9829500618016,48.7253520836174,25.8998140704708,57.7996281409416,63.4132311736652,20.5408228681457,47.0816457362913,52.695248769015,25.8998140705116,59.7996281410232,67.2844321846548,20.046491005363,44.092982010726,47.8353840325417,26.3441632986383,58.6883265972766,64.3019296300003,22.0733674311252,50.1467348622503,55.760337894974,26.344163299524,60.6883265990481,68.1731306426796,0
2411,17.7369866548502,39.4739733097004,43.2163753315161,21.5832444862413,49.1664889724827,54.7800920052064,17.7369866548471,41.4739733096943,47.087576342418,21.5832448062537,51.1664896125074,58.6512936561389,11.952704039963,27.9054080799259,31.6478101017417,16.7063854975848,39.4127709951695,45.0263740278932,13.2222008772994,32.4444017545988,38.0580047873225,16.7063854975483,41.4127709950967,48.8975750387282,14.4601483226722,32.9202966453443,36.6626986671601,17.5550814470494,41.1101628940987,46.7237659268224,13.5768737431407,33.1537474862814,38.7673505190051,17.5550814262861,43.1101628525722,50.5949668962038,1
2431,22.9875764825144,49.9751529650289,53.7175549868447,29.8935117562491,65.7870235124982,71.4006265452219,22.9529933348082,51.9059866696164,57.51958970234,29.8935118202487,67.7870236404975,75.271827684129,20.5366226918876,45.0732453837751,48.8156474055909,29.8362287404982,65.6724574809965,71.2860605137201,22.5910366300403,51.1820732600805,56.7956762928042,29.8362287416112,67.6724574832224,75.1572615268539,20.4092547120506,44.8185094241013,48.5609114459171,28.7216085224001,63.4432170448002,69.0568200775238,21.9751498886757,49.9502997773515,55.5639028100752,28.721608454456,65.443216908912,72.9280209525436,1
2690,22.9346313784546,49.8692627569091,53.6116647787249,29.6526177784883,65.3052355569766,70.9188385897002,21.6492938741106,49.2985877482212,54.9121907809448,29.6526177784882,67.3052355569765,74.7900396006081,22.5076283563156,49.0152567126312,52.757658734447,29.6601859506623,65.3203719013245,70.9339749340482,21.471015713588,48.942031427176,54.5556344598997,29.6601859528612,67.3203719057223,74.8051759493539,22.8789705026494,49.7579410052989,53.5003430271147,29.4730016826641,64.9460033653283,70.5596063980519,20.0915149415296,46.1830298830591,51.7966329157828,29.4730016830203,66.9460033660406,74.4308074096722,0
2803,21.4655830637581,46.9311661275162,50.673568149332,23.2966762489802,52.5933524979604,58.2069555306841,27.0908734890172,60.1817469780344,65.795350010758,23.2966762495473,54.5933524990945,62.0781565427261,24.3711145496795,52.7422290993591,56.4846311211748,23.6699412649749,53.3398825299497,58.9534855626734,23.6564278463545,53.3128556927089,58.9264587254326,23.6699412649444,55.3398825298888,62.8246865735204,22.1103117625348,48.2206235250697,51.9630255468854,24.2964231190854,54.5928462381708,60.2064492708944,24.3697530285335,54.7395060570669,60.3531090897906,24.2964230619527,56.5928461239055,64.077650167537,0
2854,11.0903630073764,26.1807260147529,29.9231280365687,22.1807177866169,50.3614355732338,55.9750386059575,11.0903628344091,28.1807256688183,33.7943287015419,22.1807496381784,52.3614992763569,59.8463033199884,-0,4,7.74240202181578,16.6355323334387,39.2710646668774,44.884667699601,5.54517744447956,17.0903548889591,22.7039579216828,16.6355323334387,41.2710646668774,48.7558687105089,-0,4,7.74240202181578,16.6355323334387,39.2710646668774,44.884667699601,5.54517744447956,17.0903548889591,22.7039579216828,16.6355323334387,41.2710646668774,48.7558687105089,0
2899,24.4403444195438,52.8806888390876,56.6230908609034,28.4198137532346,62.8396275064693,68.4532305391929,24.199820344033,54.3996406880659,60.0132437207896,28.4196540068591,64.8393080137182,72.3241120573498,21.8934398381425,47.786879676285,51.5292816981007,28.2185507277389,62.4371014554778,68.0507044882015,23.8137020696779,53.6274041393557,59.2410071720794,28.2185507290276,64.4371014580553,71.9219055016868,22.4544307451976,48.9088614903951,52.6512635122109,28.0098462541275,62.0196925082549,67.6332955409786,22.2438000816399,50.4876001632798,56.1012031960035,28.0098462532854,64.0196925065707,71.5044965502023,0
2959,25.331832412938,54.6636648258759,58.4060668476917,29.6895473002959,65.3790946005917,70.9926976333154,24.4497349260416,54.8994698520832,60.5130728848069,29.6895474919612,67.3790949839224,74.863899027554,24.3902040301105,52.780408060221,56.5228100820368,29.645677744083,65.291355488166,70.9049585208897,23.6219969037472,53.2439938074944,58.8575968402181,29.6456777450117,67.2913554900234,74.7761595336549,24.7137558281721,53.4275116563442,57.16991367816,29.6071972039638,65.2143944079276,70.8279974406512,21.6839879910277,49.3679759820554,54.9815790147791,29.6071971829654,67.2143943659307,74.6991984095623,0
2998,28.3693758381934,60.7387516763869,64.4811536982027,31.3761291536055,68.752258307211,74.3658613399347,24.4424492561839,54.8848985123678,60.4985015450914,31.3761291536055,70.7522583072111,78.2370623508426,27.8016277945365,59.6032555890731,63.3456576108888,30.5183533905835,67.0367067811671,72.6503098138907,22.2986090075659,50.5972180151319,56.2108210478556,30.5183533919074,69.0367067838149,76.5215108274465,28.3374897660581,60.6749795321162,64.417381553932,30.7382666281567,67.4765332563134,73.0901362890371,20.424816496222,46.849632992444,52.4632360251676,30.7382666279968,69.4765332559936,76.9613372996252,0
3103,18.3486991108367,40.6973982216735,44.4398002434893,27.0315529275718,60.0631058551436,65.6767088878673,17.2341977205105,40.468395441021,46.0819984737446,27.0315529275719,62.0631058551437,69.5479098987753,18.5419574650079,41.0839149300159,44.8263169518316,27.3155297293127,60.6310594586254,66.2446624913491,17.5979178562466,41.1958357124932,46.8094387452169,27.315529729391,62.6310594587821,70.1158635024136,18.4848031652784,40.9696063305569,44.7120083523726,27.2644179148779,60.5288358297557,66.1424388624794,16.9590543187287,39.9181086374573,45.531711670181,27.2644179142402,62.5288358284804,70.013639872112,1
3178,20.3785006822858,44.7570013645716,48.4994033863874,26.4782108842878,58.9564217685756,64.5700248012993,20.3785006822813,46.7570013645626,52.3706043972863,26.478210884288,60.956421768576,68.4412258122076,15.7714135564823,35.5428271129647,39.2852291347805,20.5224287833977,47.0448575667954,52.6584605995191,15.8881840929441,37.7763681858882,43.3899712186119,20.5224287834351,49.0448575668702,56.5296616105018,17.1863946848342,38.3727893696685,42.1151913914843,22.6864931054154,51.3729862108308,56.9865892435545,17.5238969036784,41.0477938073568,46.6613968400805,22.6864930372229,53.3729860744458,60.8577901180774,1
3210,18.5231215018071,41.0462430036143,44.78864502543,27.6249083628209,61.2498167256418,66.8634197583654,18.5231218218067,43.0462436436134,48.6598466763371,27.6249083628576,63.2498167257152,70.7346207693468,5.75282511871359,15.5056502374272,19.248052259243,21.1489465652232,48.2978931304464,53.9114961631701,15.2436013952986,36.4872027905973,42.1008058233209,21.148946565086,50.2978931301719,57.7826971738035,9.27930207300696,22.5586041460139,26.3010061678297,22.8690477792266,51.7380955584532,57.3516985911769,15.8583587736218,37.7167175472437,43.3303205799674,22.8690476378899,53.7380952757797,61.2228993194113,1
3228,17.3543561952642,38.7087123905285,42.4511144123442,25.306308721814,56.612617443628,62.2262204763517,17.3543561952642,40.7087123905284,46.3223154232521,25.3063087218057,58.6126174436113,66.0974214872429,10.9783787954622,25.9567575909244,29.6991596127401,22.1180897819316,50.2361795638631,55.8497825965868,14.6228081786831,35.2456163573661,40.8592193900898,22.1180897818962,52.2361795637924,59.7209836074239,12.5747068046148,29.1494136092296,32.8918156310454,21.6449381334613,49.2898762669225,54.9034792996462,14.4487390168768,34.8974780337536,40.5110810664773,21.6449381121157,51.2898762242313,58.7746802678629,1
3472,11.0903629898558,26.1807259797115,29.9231280015273,21.4876036300066,48.9752072600132,54.5888102927369,11.0903565344363,28.1807130688725,33.7943161015962,21.4876000736425,50.9752001472849,58.4600041909165,5.92446992823889,15.8489398564778,19.5913418782936,20.1728495105939,46.3456990211878,51.9593020539115,9.77564180219538,25.5512836043908,31.1648866371144,20.1728495105982,48.3456990211964,55.830503064828,-0,4,7.74240202181578,15.9423851528787,37.8847703057575,43.4983733384812,-0,6,11.6136030327237,15.9423851528787,39.8847703057575,47.369574349389,0
3624,18.0054097912003,40.0108195824007,43.7532216042164,24.8424222647151,55.6848445294301,61.2984475621538,19.7743893113822,45.5487786227643,51.162381655488,24.842422264715,57.6848445294301,65.1696485730617,17.2173185541148,38.4346371082295,42.1770391300453,23.3980393792442,52.7960787584885,58.4096817912121,18.6736929171422,43.3473858342844,48.9609888670081,23.3980393798194,54.7960787596389,62.2808828032704,17.6182130741388,39.2364261482777,42.9788281700935,24.1096096714364,54.2192193428727,59.8328223755964,20.7425534605574,47.4851069211148,53.0987099538385,24.1096096715952,56.2192193431905,63.704023386822,0
3771,20.8377686222755,45.675537244551,49.4179392663668,26.2858974312318,58.5717948624636,64.1853978951873,20.8377690022774,47.6755380045548,53.2891410372785,26.2858958310442,60.5717916620884,68.05659570572,7.55043990812142,19.1008798162428,22.8432818380586,20.4693887627403,46.9387775254806,52.5523805582043,16.4367633643777,38.8735267287553,44.487129761479,20.4693887627252,48.9387775254504,56.4235815690819,12.0507213543443,28.1014427086885,31.8438447305043,22.5318318771466,51.0636637542932,56.6772667870168,18.0307918295337,42.0615836590674,47.6751866917911,22.53183161621,53.06366323242,60.5484672760515,1
3928,15.0034873045652,34.0069746091304,37.7493766309461,18.7149757481505,43.4299514963011,49.0435545290248,15.0034873045575,36.006974609115,41.6205776418387,18.71498282248,45.42996564496,52.9147696885915,10.3067520752096,24.6135041504193,28.3559061722351,13.8629436111989,33.7258872223978,39.3394902551215,8.90814028459359,23.8162805691872,29.4298836019108,13.8629436111989,35.7258872223978,43.2106912660294,13.8204236339625,31.640847267925,35.3832492897408,13.8629436111989,33.7258872223978,39.3394902551215,10.1565785862282,26.3131571724563,31.92676020518,13.8629436111989,35.7258872223978,43.2106912660294,1
4164,23.2331044492064,50.4662088984128,54.2086109202286,18.7149818601414,43.4299637202828,49.0435667530064,23.2331044491927,52.4662088983854,58.079811931109,18.7149832136989,45.4299664273979,52.9147704710294,18.5173014633828,41.0346029267656,44.7770049485814,15.2492379723188,36.4984759446376,42.1120789773613,14.7412511379598,35.4825022759196,41.0961053086433,15.2492379723188,38.4984759446376,45.9832799882692,21.7402685854928,47.4805371709856,51.2229391928013,15.2492379723188,36.4984759446376,42.1120789773613,17.4775318038544,40.9550636077088,46.5686666404325,15.2492379723188,38.4984759446376,45.9832799882692,0
4231,23.9793740546331,51.9587481092661,55.7011501310819,30.4749106980615,66.9498213961229,72.5634244288466,23.979374054601,53.9587481092019,59.5723511419256,30.4749118980444,68.9498237960887,76.4346278397203,18.058892815419,40.117785630838,43.8601876526538,28.8593514850724,63.7187029701448,69.3323060028685,23.9351509680666,53.8703019361331,59.4839049688568,28.8593514849076,65.7187029698151,73.2035070134467,22.8222234602234,49.6444469204468,53.3868489422626,30.3404090362611,66.6808180725221,72.2944211052458,23.0495998305945,52.099199661189,57.7128026939127,30.3404090367238,68.6808180734476,76.1656221170792,0
4241,13.3686953495303,30.7373906990605,34.4797927208763,18.7149818746584,43.4299637493169,49.0435667820405,13.3686953495436,32.7373906990872,38.3509937318108,18.7149802751761,45.4299605503523,52.9147645939838,5.28963100594672,14.5792620118934,18.3216640337092,14.5560907917589,35.1121815835177,40.7257846162414,8.54146422310841,23.0829284462168,28.6965314789405,14.5560907917589,37.1121815835177,44.5969856271493,7.00433862211367,18.0086772442273,21.7510792660431,14.5560907917589,35.1121815835177,40.7257846162414,9.18680809303014,24.3736161860603,29.9872192187839,14.5560907917589,37.1121815835177,44.5969856271493,1
4625,29.4375838012072,62.8751676024144,66.6175696242302,29.8053290762973,65.6106581525945,71.2242611853182,29.8053291640743,65.6106583281486,71.2242613608722,29.8053641891518,67.6107283783036,75.0955324219352,29.1454773976082,62.2909547952164,66.0333568170322,29.7987043631473,65.5974087262946,71.2110117590183,29.2923000298434,64.5846000596868,70.1982030924105,29.7987043631419,67.5974087262837,75.0822127699153,29.2442246053068,62.4884492106136,66.2308512324294,29.7467947354949,65.4935894709898,71.1071925037135,29.1764549814349,64.3529099628698,69.9665129955935,29.7467947355054,67.4935894710108,74.9783935146424,1
4920,11.0903730335774,26.1807460671548,29.9231480889706,21.4875673818703,48.9751347637407,54.5887377964643,11.0903632543686,28.1807265087372,33.7943295414609,21.4875942475049,50.9751884950099,58.4599925386414,-0,4,7.74240202181578,15.9423851528787,37.8847703057575,43.4983733384812,5.54517744447956,17.0903548889591,22.7039579216828,15.9423851528787,39.8847703057575,47.369574349389,-0,4,7.74240202181578,15.9423851528787,37.8847703057575,43.4983733384812,5.54517744447956,17.0903548889591,22.7039579216828,15.9423851528787,39.8847703057575,47.369574349389,0
4961,14.8968613688515,33.7937227377029,37.5361247595187,22.7178371321579,51.4356742643158,57.0492772970395,14.896861370892,35.793722741784,41.4073257745077,22.7178371321666,53.4356742643332,60.9204783079647,10.0347684426973,24.0695368853947,27.8119389072105,21.230072688937,48.4601453778739,54.0737484105976,14.2018947400963,34.4037894801926,40.0173925129163,21.23007268858,50.4601453771599,57.9449494207915,11.8865205579566,27.7730411159133,31.515443137729,21.6960040508092,49.3920081016183,55.005611134342,14.6833437947229,35.3666875894458,40.9802906221695,21.6960040527342,51.3920081054684,58.8768121490999,1
5096,11.0903630073764,26.1807260147529,29.9231280365687,22.1807177866169,50.3614355732338,55.9750386059575,11.0903628344091,28.1807256688183,33.7943287015419,22.1807496381784,52.3614992763569,59.8463033199884,-0,4,7.74240202181578,16.6355323334387,39.2710646668774,44.884667699601,5.54517744447956,17.0903548889591,22.7039579216828,16.6355323334387,41.2710646668774,48.7558687105089,-0,4,7.74240202181578,16.6355323334387,39.2710646668774,44.884667699601,5.54517744447956,17.0903548889591,22.7039579216828,16.6355323334387,41.2710646668774,48.7558687105089,1
5113,32.450098370151,68.9001967403019,72.6425987621177,23.8085867806665,53.617173561333,59.2307765940567,14.7148047884796,35.4296095769592,41.0432126096829,23.8085867806666,55.6171735613332,63.1019776049647,32.4663654930269,68.9327309860538,72.6751330078696,19.5035488273981,45.0070976547961,50.6207006875198,6.93147180559945,19.8629436111989,25.4765466439226,19.5035488274527,47.0070976549054,54.491901698537,32.4178858027592,68.8357716055183,72.5781736273341,21.5738710562515,49.1477421125029,54.7613451452266,6.93147180559945,19.8629436111989,25.4765466439226,21.573871042917,51.1477420858341,58.6325461294656,0
5156,16.6737651079566,37.3475302159133,41.089932237729,26.478209284288,58.956418568576,64.5700216012997,16.6735527156476,39.3471054312953,44.9607084640189,26.4782089647065,60.9564179294131,68.4412219730446,13.1311700071472,30.2623400142945,34.0047420361103,26.0969225912113,58.1938451824225,63.8074482151462,16.6200166641454,39.2400333282909,44.8536363610145,26.0969225902022,60.1938451804045,67.678649224036,14.2858306256126,32.5716612512252,36.314063273041,26.1387907192407,58.2775814384815,63.8911844712051,16.6726319020903,39.3452638041806,44.9588668369043,26.1387907190326,60.2775814380652,67.7623854816968,0
5273,16.66124861444,37.32249722888,41.0648992506958,24.6131613412404,55.2263226824807,60.8399257152044,16.6612086947062,39.3224173894124,44.9360204221361,24.6131615413351,57.2263230826701,64.7111271263017,14.0992542961227,32.1985085922453,35.9409106140611,23.3252632776904,52.6505265553809,58.2641295881046,15.5398257227896,37.0796514455793,42.6932544783029,23.3252632778591,54.6505265557183,62.1353305993498,15.3957363042932,34.7914726085864,38.5338746304021,24.2397928232261,54.4795856464523,60.093188679176,16.3669636514099,38.7339273028199,44.3475303355436,24.239792822994,56.479585645988,63.9643896896196,1
5495,23.865164256301,51.7303285126021,55.4727305344178,29.6996539364177,65.3993078728354,71.0129109055591,22.9301368230873,51.8602736461746,57.4738766788983,29.6996539364177,67.3993078728355,74.884111916467,22.4721809543618,48.9443619087237,52.6867639305394,29.711958101459,65.4239162029179,71.0375192356416,22.7035508360434,51.4071016720868,57.0207047048105,29.7119580998762,67.4239161997525,74.908720243384,23.374126359533,50.7482527190661,54.4906547408818,29.757957333923,65.5159146678459,71.1295177005696,21.6361659427689,49.2723318855378,54.8859349182615,29.75795733523,67.51591467046,75.0007187140915,0
5654,27.9103101625484,59.8206203250967,63.5630223469125,27.7607161832066,61.5214323664131,67.1350353991368,20.4013297573559,46.8026595147119,52.4162625474355,27.7607161832066,63.5214323664131,71.0062364100447,27.8857289064425,59.7714578128849,63.5138598347007,27.8852063482206,61.7704126964412,67.3840157291649,19.6847795611651,45.3695591223303,50.9831621550539,27.8852063488107,63.7704126976214,71.255216741253,27.8706005735287,59.7412011470573,63.4836031688731,28.1838158947089,62.3676317894179,67.9812348221416,17.6192418619085,41.2384837238171,46.8520867565407,28.1838158952692,64.3676317905384,71.85243583417,0
5822,11.0903630073764,26.1807260147529,29.9231280365687,22.1807177866169,50.3614355732338,55.9750386059575,11.0903628344091,28.1807256688183,33.7943287015419,22.1807496381784,52.3614992763569,59.8463033199884,-0,4,7.74240202181578,16.6355323334387,39.2710646668774,44.884667699601,5.54517744447956,17.0903548889591,22.7039579216828,16.6355323334387,41.2710646668774,48.7558687105089,-0,4,7.74240202181578,16.6355323334387,39.2710646668774,44.884667699601,5.54517744447956,17.0903548889591,22.7039579216828,16.6355323334387,41.2710646668774,48.7558687105089,1
5835,7.62462708009905,19.2492541601981,22.9916561820139,17.3292561942544,40.6585123885087,46.2721154212324,7.62461907534314,21.2492381506863,26.86284118341,17.3286875509149,42.6573751018297,50.1421791454613,6.3103122615717,16.6206245231434,20.3630265449592,17.2231217958302,40.4462435916605,46.0598466243841,7.5190612679889,21.0381225359778,26.6517255687015,17.2231217958298,42.4462435916596,49.9310476352911,-0,4,7.74240202181578,13.169796430639,32.3395928612779,37.9531958940016,-0,6,11.6136030327237,13.169796430639,34.3395928612779,41.8243969049095,1
5918,25.017482240817,54.034964481634,57.7773665034497,23.2966758689833,52.5933517379666,58.2069547706903,21.8390478272117,49.6780956544233,55.291698687147,23.2966778489645,54.5933556979291,62.0781597415607,25.9803947010759,55.9607894021517,59.7031914239675,25.522237226219,57.0444744524379,62.6580774851616,22.3948092088131,50.7896184176262,56.4032214503498,25.5222372261181,59.0444744522362,66.5292784958678,26.6623849110714,57.3247698221428,61.0671718439585,26.0246705928006,58.0493411856013,63.6629442183249,27.1016431425715,60.2032862851431,65.8168893178667,26.0246699129961,60.0493398259922,67.5341438696237,0
6055,20.3785006822827,44.7570013645653,48.4994033863811,27.884110521874,61.7682210437479,67.3818240764716,20.3785022822576,46.7570045645151,52.3706075972388,27.8841105211393,63.7682210422786,71.2530250859102,14.5564823923183,33.1129647846365,36.8553668064523,24.4930590114997,54.9861180229995,60.5997210557232,18.5446826105544,43.0893652211087,48.7029682538324,24.4930590114997,56.9861180229995,64.4709220666311,18.5100667602046,41.0201335204093,44.762535542225,26.1559441894527,58.3118883789054,63.9254914116291,20.0249478833754,46.0498957667507,51.6634987994744,26.1559441835992,60.3118883671985,67.79669241083,0
6121,11.0903629923061,26.1807259846122,29.923128006428,22.1807246660298,50.3614493320595,55.9750523647832,11.0903585020337,28.1807170040674,33.7943200367911,22.1807113494136,52.3614226988273,59.8462267424588,-0,4,7.74240202181578,16.6355323334387,39.2710646668774,44.884667699601,5.54517744447956,17.0903548889591,22.7039579216828,16.6355323334387,41.2710646668774,48.7558687105089,-0,4,7.74240202181578,16.6355323334387,39.2710646668774,44.884667699601,5.54517744447956,17.0903548889591,22.7039579216828,16.6355323334387,41.2710646668774,48.7558687105089,0
6246,32.5476330123603,69.0952660247207,72.8376680465365,27.1984755650446,60.3969511300891,66.0105541628128,21.1458989965322,48.2917979930644,53.9054010257881,27.1984755650445,62.3969511300891,69.8817551737206,32.5498596511396,69.0997193022793,72.842121324095,22.2226721819644,50.4453443639288,56.0589473966525,17.8083114887826,41.6166229775652,47.2302260102889,22.2226721825699,52.4453443651398,59.9301484087714,32.5510339036147,69.1020678072294,72.8444698290452,22.1496525158482,50.2993050316963,55.91290806442,12.1565210462711,30.3130420925422,35.9266451252659,22.1496525171746,52.2993050343492,59.7841090779808,1
6324,24.3463027522897,52.6926055045794,56.4350075263951,28.8437541158137,63.6875082316274,69.3011112643511,21.839762646056,49.6795252921119,55.2931283248356,28.8437541158136,65.6875082316273,73.1723122752588,23.3378525379498,50.6757050758996,54.4181070977153,28.8175951565734,63.6351903131467,69.2487933458704,21.262912837565,48.5258256751301,54.1394287078537,28.8175951550759,65.6351903101518,73.1199943537833,24.210569975597,52.4211399511941,56.1635419730099,28.679398093192,63.358796186384,68.9723992191076,18.8762259022677,43.7524518045354,49.3660548372591,28.6793980935386,65.3587961870772,72.8436002307087,1
6332,32.1542113808118,68.3084227616235,72.0508247834393,32.000838529642,70.0016770592841,75.6152800920078,29.5228474162977,65.0456948325955,70.6592978653191,32.0008401136312,72.0016802272625,79.486484270894,31.5842418554621,67.1684837109242,70.91088573274,28.3953822215282,62.7907644430563,68.40436747578,27.2923227302611,60.5846454605221,66.1982484932458,28.3953822236665,64.7907644473329,72.2755684909645,31.6152219262793,67.2304438525586,70.9728458743744,28.4772223550778,62.9544447101556,68.5680477428793,19.4995880588776,44.9991761177552,50.6127791504788,28.4772223547858,64.9544447095716,72.4392487532031,1
6335,17.3668726887614,38.7337453775227,42.4761473993385,27.1713580936651,60.3427161873303,65.956319220054,17.3668726887871,40.7337453775742,46.3473484102979,27.1713564648772,62.3427129297545,69.827516973386,7.54707427443129,19.0941485488626,22.8365505706784,22.5453899245143,51.0907798490286,56.7043828817523,14.6260740362661,35.2521480725323,40.865751105256,22.5453899245143,53.0907798490286,60.5755838926602,12.8227663470754,29.6455326941509,33.3879347159667,25.5160238044465,57.0320476088929,62.6456506416166,16.8168227649789,39.6336455299578,45.2472485626815,25.5160238064448,59.0320476128897,66.5168516565212,0
6397,11.090362987995,26.18072597599,29.9231279978057,21.4875629914756,48.9751259829512,54.5887290156749,11.0903629779303,28.1807259558605,33.7943289885842,21.4875705891129,50.9751411782258,58.4599452218573,-0,4,7.74240202181578,15.9423851528787,37.8847703057575,43.4983733384812,5.54517744447956,17.0903548889591,22.7039579216828,15.9423851528787,39.8847703057575,47.369574349389,-0,4,7.74240202181578,15.9423851528787,37.8847703057575,43.4983733384812,5.54517744447956,17.0903548889591,22.7039579216828,15.9423851528787,39.8847703057575,47.369574349389,0
6469,21.5709606632103,47.1419213264205,50.8843233482363,27.9513615720224,61.9027231440448,67.5163261767685,20.9522562280878,47.9045124561756,53.5181154888992,27.9513615720224,63.9027231440448,71.3875271876764,21.291321935616,46.5826438712321,50.3250458930478,28.1797653794003,62.3595307588006,67.9731337915242,21.3677459584624,48.7354919169247,54.3490949496484,28.1797653811995,64.3595307623991,71.8443348060306,21.574383780464,47.1487675609281,50.8911695827439,27.9584776877456,61.9169553754912,67.5305584082149,20.7167950702175,47.433590140435,53.0471931731586,27.9584776877987,63.9169553755974,71.4017594192289,1
6495,17.9291113129565,39.8582226259129,43.6006246477287,27.0182889712892,60.0365779425783,65.650180975302,17.9290717136594,41.8581434273189,47.4717464600425,27.0182889672816,62.0365779345633,69.5213819781948,16.085329945361,36.170659890722,39.9130619125377,26.2311422148337,58.4622844296674,64.0758874623911,17.7994610475012,41.5989220950025,47.2125251277261,26.2311422146706,60.4622844293411,67.9470884729727,17.1422366810261,38.2844733620523,42.026875383868,26.7912061350891,59.5824122701782,65.1960153029018,17.8746722933055,41.749344586611,47.3629476193347,26.7912061370529,61.5824122741059,69.0672163177374,0
6604,11.0903630073764,26.1807260147529,29.9231280365687,22.1807177866169,50.3614355732338,55.9750386059575,11.0903628344091,28.1807256688183,33.7943287015419,22.1807496381784,52.3614992763569,59.8463033199884,-0,4,7.74240202181578,16.6355323334387,39.2710646668774,44.884667699601,5.54517744447956,17.0903548889591,22.7039579216828,16.6355323334387,41.2710646668774,48.7558687105089,-0,4,7.74240202181578,16.6355323334387,39.2710646668774,44.884667699601,5.54517744447956,17.0903548889591,22.7039579216828,16.6355323334387,41.2710646668774,48.7558687105089,0
6644,32.3833578057295,68.7667156114591,72.5091176332749,33.0636866825552,72.1273733651104,77.740976397834,32.8639933093043,71.7279866186087,77.3415896513324,33.0636866825552,74.1273733651104,81.6121774087419,32.7673193534915,69.534638706983,73.2770407287988,33.0699166012361,72.1398332024723,77.7534362351959,32.8687690253205,71.7375380506409,77.3511410833646,33.0699166016716,74.1398332033432,81.6246372469747,32.775387406394,69.550774812788,73.2931768346038,33.0653545814934,72.1307091629867,77.7443121957104,32.8659331219062,71.7318662438123,77.345469276536,33.0653545815441,74.1307091630882,81.6155132067198,0
6707,9.70406054481242,23.4081210896248,27.1505231114406,20.101269837643,46.202539675286,51.8161427080097,9.70406438482805,25.4081287696561,31.0217318023798,20.1012710990871,48.2025421981741,55.6873462418057,-0,4,7.74240202181578,15.2492379723188,36.4984759446376,42.1120789773613,4.85203026391962,15.7040605278392,21.3176635605629,15.2492379723188,38.4984759446376,45.9832799882692,-0,4,7.74240202181578,15.2492379723188,36.4984759446376,42.1120789773613,4.85203026391962,15.7040605278392,21.3176635605629,15.2492379723188,38.4984759446376,45.9832799882692,1
7047,7.62462529049101,19.249250580982,22.9916526027978,17.3286795939985,40.6573591879969,46.2709622207206,7.62478300040469,21.2495660008094,26.8631690335331,17.3286875126352,42.6573750252703,50.1421790689019,-0,4,7.74240202181578,13.169796430639,32.3395928612779,37.9531958940016,3.46573590279973,12.9314718055995,18.5450748383231,13.169796430639,34.3395928612779,41.8243969049095,-0,4,7.74240202181578,13.169796430639,32.3395928612779,37.9531958940016,3.46573590279973,12.9314718055995,18.5450748383231,13.169796430639,34.3395928612779,41.8243969049095,1
7107,21.9704421367318,47.9408842734636,51.6832862952794,27.8453616708314,61.6907233416627,67.3043263743864,21.9704423175291,49.9408846350582,55.5544876677818,27.8453613508311,63.6907227016622,71.1755267452938,17.7063495997075,39.412699199415,43.1551012212308,26.6855024996246,59.3710049992492,64.9846080319729,21.9677576370525,49.935515274105,55.5491183068287,26.6855024992334,61.3710049984667,68.8558090420983,19.4100880699942,42.8201761399883,46.5625781618041,27.0361866055773,60.0723732111545,65.6859762438782,21.5791675972438,49.1583351944875,54.7719382272112,27.036186620641,62.0723732412819,69.5571772849135,1
7389,13.4444978094181,30.8889956188362,34.631397640652,20.794423413124,47.5888468262479,53.2024498589716,13.4444981894201,32.8889963788402,38.5025994115638,20.7944158633895,49.588831726779,57.0736357704106,7.72079939040984,19.4415987808197,23.1840008026355,16.6355323334387,39.2710646668774,44.884667699601,8.68343614437491,23.3668722887498,28.9804753214735,16.6355323334387,41.2710646668774,48.7558687105089,11.1305758948281,26.2611517896563,30.003553811472,16.6355323334387,39.2710646668774,44.884667699601,9.28190134926939,24.5638026985388,30.1774057312625,16.6355323334387,41.2710646668774,48.7558687105089,1
7512,9.01091375232914,22.0218275046583,25.7642295264741,18.0218347086974,42.0436694173948,47.6572724501184,9.01091376210315,24.0218275242063,29.63543055693,18.021832793483,44.043665586966,51.5284696305975,-0,4,7.74240202181578,13.169796430639,32.3395928612779,37.9531958940016,4.15888308335967,14.3177661667193,19.931369199443,13.169796430639,34.3395928612779,41.8243969049095,-0,4,7.74240202181578,13.169796430639,32.3395928612779,37.9531958940016,4.15888308335967,14.3177661667193,19.931369199443,13.169796430639,34.3395928612779,41.8243969049095,1
7656,30.4895580329408,64.9791160658816,68.7215180876973,28.0370672194462,62.0741344388924,67.6877374716161,22.7228672656599,51.4457345313197,57.0593375640434,28.0370688157582,64.0741376315164,71.5589416751479,30.1734630257977,64.3469260515954,68.0893280734112,26.9578609626685,59.9157219253371,65.5293249580607,22.2106975599761,50.4213951199522,56.0349981526759,26.9578609638782,61.9157219277565,69.400525971388,30.4804344010411,64.9608688020822,68.7032708238979,26.1876591113559,58.3753182227118,63.9889212554355,18.6121472507751,43.2242945015502,48.8378975342738,26.1876591603488,60.3753183206976,67.8601223643291,0
7772,21.5804470202813,47.1608940405625,50.9032960623783,25.5927483304777,57.1854966609554,62.7990996936791,21.5804470164454,49.1608940328909,54.7744970656146,25.5927486504763,59.1854973009526,66.6703013445842,20.7585658074181,45.5171316148362,49.259533636652,24.8160716350023,55.6321432700046,61.2457463027283,20.7576333341057,47.5152666682114,53.128869700935,24.8160716338316,57.6321432676633,65.1169473112948,21.1042926748947,46.2085853497894,49.9509873716052,24.5031661247396,55.0063322494792,60.6199352822028,20.5284396744426,47.0568793488853,52.670482381609,24.5031661282254,57.0063322564509,64.4911363000824,0
7803,32.6947012335624,69.3894024671249,73.1318044889406,31.9244560345121,69.8489120690243,75.4625151017479,32.4405293181398,70.8810586362795,76.4946616690032,31.9244560345122,71.8489120690244,79.333716112656,32.8573917331547,69.7147834663093,73.4571854881251,32.3473707978826,70.6947415957652,76.3083446284889,32.7331943746559,71.4663887493117,77.0799917820354,32.3473707990401,72.6947415980801,80.1795456417117,32.8484503955425,69.696900791085,73.4393028129008,32.2915425887567,70.5830851775133,76.196688210237,32.8337319791135,71.6674639582269,77.2810669909506,32.2915425891442,72.5830851782884,80.06788922192,0
7875,9.70406861722888,23.4081372344578,27.1505392562736,20.7944234164537,47.5888468329074,53.2024498656311,9.70406092788988,25.4081218557798,31.0217248885034,20.7944235994319,49.5888471988638,57.0736512424954,-0,4,7.74240202181578,16.6355323334387,39.2710646668774,44.884667699601,5.54517744447956,17.0903548889591,22.7039579216828,16.6355323334387,41.2710646668774,48.7558687105089,-0,4,7.74240202181578,16.6355323334387,39.2710646668774,44.884667699601,5.54517744447956,17.0903548889591,22.7039579216828,16.6355323334387,41.2710646668774,48.7558687105089,1
7927,10.397215807472,24.794431614944,28.5368336367598,20.794423423073,47.588846846146,53.2024498788697,10.3972093907979,26.7944187815958,32.4080218143194,20.7946184078425,49.589236815685,57.0740408593165,-0,4,7.74240202181578,15.9423851528787,37.8847703057575,43.4983733384812,5.54517744447956,17.0903548889591,22.7039579216828,15.9423851528787,39.8847703057575,47.369574349389,-0,4,7.74240202181578,15.9423851528787,37.8847703057575,43.4983733384812,5.54517744447956,17.0903548889591,22.7039579216828,15.9423851528787,39.8847703057575,47.369574349389,0
7937,13.5035944151468,31.0071888302937,34.7495908521094,23.9200159606829,53.8400319213657,59.4536349540894,13.5035944151667,33.0071888303334,38.6207918630571,23.9200159606842,55.8400319213684,63.324835965,5.30738249361491,14.6147649872298,18.3571670090456,19.5845670440385,45.1691340880771,50.7827371208007,10.4155883077549,26.8311766155099,32.4447796482335,19.5845670440329,47.1691340880659,54.6539381316974,5.65583020843123,15.3116604168625,19.0540624386782,19.5579518574666,45.1159037149331,50.7295067476568,10.4257851744164,26.8515703488329,32.4651733815565,19.5579516992662,47.1159033985324,54.600707442164,1
8228,31.1839777150544,66.3679554301088,70.1103574519246,33.1471997931965,72.294399586393,77.9080026191167,30.0971904254638,66.1943808509276,71.8079838836513,33.1471997931965,74.294399586393,81.7792036300246,30.7061492254143,65.4122984508286,69.1547004726444,33.0696768015788,72.1393536031576,77.7529566358813,29.6317166837193,65.2634333674386,70.8770364001622,33.0696768032281,74.1393536064562,81.6241576500878,31.1805436450731,66.3610872901461,70.1034893119619,32.4542206489244,70.9084412978488,76.5220443305725,27.7633695033049,61.5267390066098,67.1403420393335,32.4542206493238,72.9084412986476,80.3932453422792,1
8251,17.3668723687507,38.7337447375013,42.4761467593171,27.1713564648525,60.3427129297049,65.9563159624286,17.366872688788,40.733745377576,46.3473484102996,27.1713564670551,62.3427129341101,69.8275169777417,12.5605740581448,29.1211481162896,32.8635501381054,26.0188633080897,58.0377266161794,63.6513296489031,16.8658066275448,39.7316132550897,45.3452162878134,26.0188633046738,60.0377266093476,67.5225306529792,14.0144618363538,32.0289236727076,35.7713256945234,26.2865021402306,58.5730042804612,64.1866073131848,17.311102900961,40.622205801922,46.2358088346456,26.2865021387416,60.5730042774832,68.0578083211148,1
8604,9.70406222590509,23.4081244518102,27.150526473626,19.4081226548937,44.8162453097873,50.429848342511,9.7040638598699,25.4081277197398,31.0217307524635,19.4083238912414,46.8166477824828,54.3014518261144,-0,4,7.74240202181578,13.8629436111989,33.7258872223978,39.3394902551215,4.15888308335967,14.3177661667193,19.931369199443,13.8629436111989,35.7258872223978,43.2106912660294,-0,4,7.74240202181578,13.8629436111989,33.7258872223978,39.3394902551215,4.15888308335967,14.3177661667193,19.931369199443,13.8629436111989,35.7258872223978,43.2106912660294,1
8704,19.1885661263956,42.3771322527913,46.1195342746071,27.4357136253158,60.8714272506316,66.4850302833552,18.2963608125982,42.5927216251964,48.2063246579201,27.4357136253158,62.8714272506315,70.3562312942631,18.766811562617,41.5336231252341,45.2760251470498,27.7714997588597,61.5429995177195,67.1566025504432,18.8595780692394,43.7191561384789,49.3327591712026,27.7714997583545,63.542999516709,71.0278035603405,19.026258006031,42.0525160120619,45.7949180338777,27.7637234776494,61.5274469552988,67.1410499880225,18.516613666617,43.033227333234,48.6468303659576,27.7637234781712,63.5274469563424,71.012250999974,0
8925,30.102487801518,64.2049756030359,67.9473776248517,33.2718704367136,72.5437408734271,78.1573439061508,29.4149814908641,64.8299629817283,70.443566014452,33.2719267916476,74.5438535832953,82.0286576269268,28.5458699500099,61.0917399000198,64.8341419218356,33.1819035647494,72.3638071294988,77.9774101622225,29.4371848738286,64.8743697476571,70.4879727803808,33.1819035651224,74.3638071302448,81.8486111738763,29.89238219686,63.7847643937201,67.5271664155358,33.1335589513258,72.2671179026515,77.8807209353752,27.6855224303478,61.3710448606956,66.9846478934193,33.1335589512484,74.2671179024967,81.7519219461283,1
8949,27.2726261020822,58.5452522041645,62.2876542259802,30.434305818025,66.86861163605,72.4822146687737,26.8862544379094,59.7725088758188,65.3861119085424,30.434305818025,68.86861163605,76.3534156796815,27.0656205762433,58.1312411524865,61.8736431743023,30.6706191394297,67.3412382788594,72.9548413115831,27.2464619753225,60.4929239506449,66.1065269833686,30.6706191437712,69.3412382875424,76.826042331174,27.23570579025,58.4714115804999,62.2138136023157,30.5144986278401,67.0289972556801,72.6426002884038,26.9465645641923,59.8931291283846,65.5067321611083,30.5144986253866,69.0289972507733,76.5138012944049,0
8987,10.397215807605,24.7944316152101,28.5368336370258,21.4875705973161,48.9751411946323,54.5887442273559,10.3972093352505,26.7944186705011,32.4080217032248,21.4875698305778,50.9751396611557,58.4599437047872,9.34338811734567,22.6867762346913,26.4291782565071,20.6024628711589,47.2049257423179,52.8185287750415,9.51210798220031,25.0242159644006,30.6378189971243,20.6024628711594,49.2049257423188,56.6897297859504,-0,4,7.74240202181578,20.5440237067796,47.0880474135591,52.7016504462828,9.47034671510654,24.9406934302131,30.5542964629368,20.544023706785,49.0880474135699,56.5728514572015,0
9045,16.5844962608079,37.1689925216157,40.9113945434315,25.9205133525097,57.8410267050194,63.4546297377431,15.4177490372606,36.8354980745211,42.4491011072448,25.9205133525097,59.8410267050194,67.325830748651,15.3580483112923,34.7160966225847,38.4584986444004,25.4419582105243,56.8839164210487,62.4975194537724,14.7935544500743,35.5871089001486,41.2007119328723,25.4419582106144,58.8839164212288,66.3687204648604,15.4836124466339,34.9672248932678,38.7096269150836,25.939039651144,57.878079302288,63.4916823350116,14.9839419236032,35.9678838472063,41.58148687993,25.9390396512412,59.8780793024823,67.3628833461139,0
9203,11.0903630073764,26.1807260147529,29.9231280365687,22.1807177866169,50.3614355732338,55.9750386059575,11.0903628344091,28.1807256688183,33.7943287015419,22.1807496381784,52.3614992763569,59.8463033199884,-0,4,7.74240202181578,16.6355323334387,39.2710646668774,44.884667699601,5.54517744447956,17.0903548889591,22.7039579216828,16.6355323334387,41.2710646668774,48.7558687105089,-0,4,7.74240202181578,16.6355323334387,39.2710646668774,44.884667699601,5.54517744447956,17.0903548889591,22.7039579216828,16.6355323334387,41.2710646668774,48.7558687105089,0
9350,11.0903630073764,26.1807260147529,29.9231280365687,22.1807177866169,50.3614355732338,55.9750386059575,11.0903628344091,28.1807256688183,33.7943287015419,22.1807496381784,52.3614992763569,59.8463033199884,-0,4,7.74240202181578,16.6355323334387,39.2710646668774,44.884667699601,5.54517744447956,17.0903548889591,22.7039579216828,16.6355323334387,41.2710646668774,48.7558687105089,-0,4,7.74240202181578,16.6355323334387,39.2710646668774,44.884667699601,5.54517744447956,17.0903548889591,22.7039579216828,16.6355323334387,41.2710646668774,48.7558687105089,0
9477,7.62463107251479,19.2492621450296,22.9916641668454,17.3287248915121,40.6574497830242,46.2710528157479,7.62462707937414,21.2492541587483,26.8628571914719,17.3286795950549,42.6573591901097,50.1421632337413,-0,4,7.74240202181578,13.169796430639,32.3395928612779,37.9531958940016,3.46573590279973,12.9314718055995,18.5450748383231,13.169796430639,34.3395928612779,41.8243969049095,-0,4,7.74240202181578,13.169796430639,32.3395928612779,37.9531958940016,3.46573590279973,12.9314718055995,18.5450748383231,13.169796430639,34.3395928612779,41.8243969049095,1
9585,11.0903630073764,26.1807260147529,29.9231280365687,22.1807177866169,50.3614355732338,55.9750386059575,11.0903628344091,28.1807256688183,33.7943287015419,22.1807496381784,52.3614992763569,59.8463033199884,-0,4,7.74240202181578,16.6355323334387,39.2710646668774,44.884667699601,5.54517744447956,17.0903548889591,22.7039579216828,16.6355323334387,41.2710646668774,48.7558687105089,-0,4,7.74240202181578,16.6355323334387,39.2710646668774,44.884667699601,5.54517744447956,17.0903548889591,22.7039579216828,16.6355323334387,41.2710646668774,48.7558687105089,1
9593,20.3368483035603,44.6736966071206,48.4160986289364,20.7944291483208,47.5888582966416,53.2024613293652,20.3368483035581,46.6736966071163,52.2872996398399,20.7944285050815,49.588857010163,57.0736610537945,13.6578286502026,31.3156573004052,35.058059322221,15.9423851528787,37.8847703057575,43.4983733384812,12.9362452916727,31.8724905833454,37.4860936160691,15.9423851528787,39.8847703057575,47.369574349389,19.0164156482689,42.0328312965379,45.7752333183536,15.9423851528787,37.8847703057575,43.4983733384812,14.9959469900343,35.9918939800685,41.6054970127922,15.9423851528787,39.8847703057575,47.369574349389,1
9620,17.2587514714262,38.5175029428524,42.2599049646682,26.9790430115977,59.9580860231955,65.5716890559191,17.2587913908583,40.5175827817166,46.1311858144403,26.9790430116431,61.9580860232862,69.4428900669177,10.012200053988,24.0244001079761,27.7668021297919,23.5320926925562,53.0641853851124,58.6777884178361,15.2513451635336,36.5026903270672,42.1162933597908,23.5320926925218,55.0641853850437,62.5489894286752,15.1516563750509,34.3033127501018,38.0457147719176,26.5281352569196,59.0562705138392,64.6698735465628,17.1935410639304,40.3870821278609,46.0006851605845,26.5281352564587,61.0562705129174,68.541074556549,1
9779,26.0614425204347,56.1228850408694,59.8652870626852,30.5806481050098,67.1612962100196,72.7748992427432,25.7730976032315,57.546195206463,63.1597982391866,30.5806481050091,69.1612962100182,76.6461002536498,23.792470605917,51.584941211834,55.3273432336498,30.2441562415436,66.4883124830871,72.1019155158108,26.0597776666481,58.1195553332961,63.7331583660198,30.2441562415719,68.4883124831438,75.9731165267754,25.9197258735301,55.8394517470601,59.5818537688759,30.5479952519279,67.0959905038557,72.7095935365794,25.401967595908,56.8039351918159,62.4175382245396,30.5479952500027,69.0959905000054,76.580794543637,0
