sub,trial,decision,reward,effort,agent,success,grupo,zeros_SELF,zeros_OTHER
155,1,1,1,1,0,0,0,0,4.17
155,2,1,2,1,0,0,0,0,4.17
155,3,1,3,1,0,0,0,0,4.17
155,4,1,1,2,0,0,0,0,4.17
155,5,1,2,2,0,0,0,0,4.17
155,6,1,3,2,0,0,0,0,4.17
155,7,1,1,3,0,0,0,0,4.17
155,8,1,2,3,0,0,0,0,4.17
155,9,1,3,3,0,0,0,0,4.17
155,10,1,1,4,0,0,0,0,4.17
155,11,1,2,4,0,0,0,0,4.17
155,12,1,3,4,0,0,0,0,4.17
155,13,1,1,1,0,0,0,0,4.17
155,14,1,2,1,0,0,0,0,4.17
155,15,1,3,1,0,0,0,0,4.17
155,16,1,1,2,0,0,0,0,4.17
155,17,1,2,2,0,0,0,0,4.17
155,18,1,3,2,0,0,0,0,4.17
155,19,1,1,3,0,0,0,0,4.17
155,20,1,2,3,0,0,0,0,4.17
155,21,1,3,3,0,0,0,0,4.17
155,22,1,1,4,0,0,0,0,4.17
155,23,1,2,4,0,0,0,0,4.17
155,24,1,3,4,0,0,0,0,4.17
155,25,1,1,1,1,0,0,0,4.17
155,26,1,2,1,1,0,0,0,4.17
155,27,1,3,1,1,0,0,0,4.17
155,28,1,1,2,1,0,0,0,4.17
155,29,1,2,2,1,0,0,0,4.17
155,30,1,3,2,1,0,0,0,4.17
155,31,1,1,3,1,0,0,0,4.17
155,32,1,2,3,1,0,0,0,4.17
155,33,0,3,3,1,0,0,0,4.17
155,34,1,1,4,1,0,0,0,4.17
155,35,0,2,4,1,0,0,0,4.17
155,36,1,3,4,1,0,0,0,4.17
155,37,1,1,1,1,0,0,0,4.17
155,38,1,2,1,1,0,0,0,4.17
155,39,1,3,1,1,0,0,0,4.17
155,40,1,1,2,1,0,0,0,4.17
155,41,1,2,2,1,0,0,0,4.17
155,42,2,3,2,1,0,0,0,4.17
155,43,1,1,3,1,0,0,0,4.17
155,44,1,2,3,1,0,0,0,4.17
155,45,1,3,3,1,0,0,0,4.17
155,46,1,1,4,1,1,0,0,4.17
155,47,1,2,4,1,0,0,0,4.17
155,48,1,3,4,1,0,0,0,4.17
548,1,1,1,1,0,0,0,4.17,4.17
548,2,2,2,1,0,0,0,4.17,4.17
548,3,1,3,1,0,0,0,4.17,4.17
548,4,1,1,2,0,0,0,4.17,4.17
548,5,1,2,2,0,0,0,4.17,4.17
548,6,1,3,2,0,0,0,4.17,4.17
548,7,1,1,3,0,0,0,4.17,4.17
548,8,1,2,3,0,0,0,4.17,4.17
548,9,1,3,3,0,0,0,4.17,4.17
548,10,1,1,4,0,1,0,4.17,4.17
548,11,1,2,4,0,1,0,4.17,4.17
548,12,1,3,4,0,0,0,4.17,4.17
548,13,1,1,1,0,0,0,4.17,4.17
548,14,1,2,1,0,0,0,4.17,4.17
548,15,1,3,1,0,0,0,4.17,4.17
548,16,1,1,2,0,0,0,4.17,4.17
548,17,1,2,2,0,0,0,4.17,4.17
548,18,1,3,2,0,0,0,4.17,4.17
548,19,1,1,3,0,0,0,4.17,4.17
548,20,1,2,3,0,1,0,4.17,4.17
548,21,1,3,3,0,0,0,4.17,4.17
548,22,1,1,4,0,0,0,4.17,4.17
548,23,1,2,4,0,0,0,4.17,4.17
548,24,1,3,4,0,0,0,4.17,4.17
548,25,1,1,1,1,0,0,4.17,4.17
548,26,1,2,1,1,0,0,4.17,4.17
548,27,1,3,1,1,1,0,4.17,4.17
548,28,1,1,2,1,0,0,4.17,4.17
548,29,1,2,2,1,0,0,4.17,4.17
548,30,1,3,2,1,0,0,4.17,4.17
548,31,1,1,3,1,0,0,4.17,4.17
548,32,1,2,3,1,0,0,4.17,4.17
548,33,1,3,3,1,0,0,4.17,4.17
548,34,1,1,4,1,0,0,4.17,4.17
548,35,1,2,4,1,1,0,4.17,4.17
548,36,1,3,4,1,0,0,4.17,4.17
548,37,2,1,1,1,0,0,4.17,4.17
548,38,1,2,1,1,0,0,4.17,4.17
548,39,1,3,1,1,0,0,4.17,4.17
548,40,1,1,2,1,0,0,4.17,4.17
548,41,1,2,2,1,0,0,4.17,4.17
548,42,1,3,2,1,0,0,4.17,4.17
548,43,1,1,3,1,0,0,4.17,4.17
548,44,1,2,3,1,0,0,4.17,4.17
548,45,1,3,3,1,0,0,4.17,4.17
548,46,1,1,4,1,0,0,4.17,4.17
548,47,1,2,4,1,0,0,4.17,4.17
548,48,1,3,4,1,0,0,4.17,4.17
1126,1,2,1,1,0,0,0,12.5,25
1126,2,2,2,1,0,0,0,12.5,25
1126,3,1,3,1,0,0,0,12.5,25
1126,4,1,1,2,0,0,0,12.5,25
1126,5,1,2,2,0,0,0,12.5,25
1126,6,1,3,2,0,0,0,12.5,25
1126,7,2,1,3,0,0,0,12.5,25
1126,8,1,2,3,0,0,0,12.5,25
1126,9,1,3,3,0,0,0,12.5,25
1126,10,1,1,4,0,0,0,12.5,25
1126,11,1,2,4,0,0,0,12.5,25
1126,12,1,3,4,0,0,0,12.5,25
1126,13,1,1,1,0,0,0,12.5,25
1126,14,1,2,1,0,1,0,12.5,25
1126,15,1,3,1,0,0,0,12.5,25
1126,16,1,1,2,0,1,0,12.5,25
1126,17,1,2,2,0,0,0,12.5,25
1126,18,1,3,2,0,0,0,12.5,25
1126,19,1,1,3,0,0,0,12.5,25
1126,20,1,2,3,0,1,0,12.5,25
1126,21,1,3,3,0,1,0,12.5,25
1126,22,1,1,4,0,1,0,12.5,25
1126,23,1,2,4,0,0,0,12.5,25
1126,24,1,3,4,0,1,0,12.5,25
1126,25,1,1,1,1,0,0,12.5,25
1126,26,2,2,1,1,0,0,12.5,25
1126,27,1,3,1,1,0,0,12.5,25
1126,28,2,1,2,1,0,0,12.5,25
1126,29,1,2,2,1,0,0,12.5,25
1126,30,0,3,2,1,0,0,12.5,25
1126,31,1,1,3,1,0,0,12.5,25
1126,32,2,2,3,1,0,0,12.5,25
1126,33,2,3,3,1,0,0,12.5,25
1126,34,2,1,4,1,0,0,12.5,25
1126,35,1,2,4,1,0,0,12.5,25
1126,36,2,3,4,1,0,0,12.5,25
1126,37,1,1,1,1,0,0,12.5,25
1126,38,1,2,1,1,0,0,12.5,25
1126,39,1,3,1,1,0,0,12.5,25
1126,40,1,1,2,1,0,0,12.5,25
1126,41,1,2,2,1,0,0,12.5,25
1126,42,1,3,2,1,0,0,12.5,25
1126,43,1,1,3,1,0,0,12.5,25
1126,44,1,2,3,1,0,0,12.5,25
1126,45,1,3,3,1,0,0,12.5,25
1126,46,1,1,4,1,0,0,12.5,25
1126,47,1,2,4,1,0,0,12.5,25
1126,48,1,3,4,1,0,0,12.5,25
1363,1,0,1,1,0,0,0,0,16.67
1363,2,1,2,1,0,0,0,0,16.67
1363,3,1,3,1,0,0,0,0,16.67
1363,4,1,1,2,0,0,0,0,16.67
1363,5,1,2,2,0,0,0,0,16.67
1363,6,1,3,2,0,0,0,0,16.67
1363,7,0,1,3,0,0,0,0,16.67
1363,8,1,2,3,0,0,0,0,16.67
1363,9,0,3,3,0,0,0,0,16.67
1363,10,1,1,4,0,0,0,0,16.67
1363,11,0,2,4,0,0,0,0,16.67
1363,12,1,3,4,0,0,0,0,16.67
1363,13,1,1,1,0,0,0,0,16.67
1363,14,1,2,1,0,0,0,0,16.67
1363,15,0,3,1,0,0,0,0,16.67
1363,16,1,1,2,0,0,0,0,16.67
1363,17,0,2,2,0,0,0,0,16.67
1363,18,0,3,2,0,0,0,0,16.67
1363,19,1,1,3,0,1,0,0,16.67
1363,20,1,2,3,0,0,0,0,16.67
1363,21,1,3,3,0,1,0,0,16.67
1363,22,1,1,4,0,0,0,0,16.67
1363,23,0,2,4,0,0,0,0,16.67
1363,24,1,3,4,0,0,0,0,16.67
1363,25,1,1,1,1,0,0,0,16.67
1363,26,1,2,1,1,0,0,0,16.67
1363,27,1,3,1,1,0,0,0,16.67
1363,28,1,1,2,1,0,0,0,16.67
1363,29,1,2,2,1,0,0,0,16.67
1363,30,1,3,2,1,0,0,0,16.67
1363,31,2,1,3,1,0,0,0,16.67
1363,32,0,2,3,1,0,0,0,16.67
1363,33,2,3,3,1,0,0,0,16.67
1363,34,1,1,4,1,0,0,0,16.67
1363,35,2,2,4,1,0,0,0,16.67
1363,36,1,3,4,1,0,0,0,16.67
1363,37,1,1,1,1,0,0,0,16.67
1363,38,0,2,1,1,0,0,0,16.67
1363,39,1,3,1,1,0,0,0,16.67
1363,40,0,1,2,1,0,0,0,16.67
1363,41,1,2,2,1,0,0,0,16.67
1363,42,1,3,2,1,0,0,0,16.67
1363,43,0,1,3,1,0,0,0,16.67
1363,44,1,2,3,1,0,0,0,16.67
1363,45,1,3,3,1,0,0,0,16.67
1363,46,1,1,4,1,0,0,0,16.67
1363,47,2,2,4,1,0,0,0,16.67
1363,48,0,3,4,1,0,0,0,16.67
1499,1,1,1,1,0,0,0,4.17,8.33
1499,2,2,2,1,0,0,0,4.17,8.33
1499,3,1,3,1,0,0,0,4.17,8.33
1499,4,1,1,2,0,0,0,4.17,8.33
1499,5,0,2,2,0,0,0,4.17,8.33
1499,6,1,3,2,0,0,0,4.17,8.33
1499,7,0,1,3,0,0,0,4.17,8.33
1499,8,1,2,3,0,0,0,4.17,8.33
1499,9,1,3,3,0,0,0,4.17,8.33
1499,10,1,1,4,0,0,0,4.17,8.33
1499,11,1,2,4,0,0,0,4.17,8.33
1499,12,1,3,4,0,0,0,4.17,8.33
1499,13,1,1,1,0,0,0,4.17,8.33
1499,14,1,2,1,0,0,0,4.17,8.33
1499,15,1,3,1,0,0,0,4.17,8.33
1499,16,1,1,2,0,1,0,4.17,8.33
1499,17,1,2,2,0,1,0,4.17,8.33
1499,18,1,3,2,0,0,0,4.17,8.33
1499,19,1,1,3,0,0,0,4.17,8.33
1499,20,1,2,3,0,0,0,4.17,8.33
1499,21,1,3,3,0,0,0,4.17,8.33
1499,22,1,1,4,0,0,0,4.17,8.33
1499,23,1,2,4,0,0,0,4.17,8.33
1499,24,1,3,4,0,0,0,4.17,8.33
1499,25,1,1,1,1,0,0,4.17,8.33
1499,26,1,2,1,1,0,0,4.17,8.33
1499,27,1,3,1,1,0,0,4.17,8.33
1499,28,2,1,2,1,0,0,4.17,8.33
1499,29,2,2,2,1,0,0,4.17,8.33
1499,30,0,3,2,1,0,0,4.17,8.33
1499,31,1,1,3,1,0,0,4.17,8.33
1499,32,0,2,3,1,0,0,4.17,8.33
1499,33,1,3,3,1,0,0,4.17,8.33
1499,34,0,1,4,1,0,0,4.17,8.33
1499,35,1,2,4,1,0,0,4.17,8.33
1499,36,1,3,4,1,0,0,4.17,8.33
1499,37,0,1,1,1,0,0,4.17,8.33
1499,38,1,2,1,1,0,0,4.17,8.33
1499,39,1,3,1,1,0,0,4.17,8.33
1499,40,0,1,2,1,0,0,4.17,8.33
1499,41,0,2,2,1,0,0,4.17,8.33
1499,42,0,3,2,1,0,0,4.17,8.33
1499,43,1,1,3,1,0,0,4.17,8.33
1499,44,0,2,3,1,0,0,4.17,8.33
1499,45,0,3,3,1,0,0,4.17,8.33
1499,46,0,1,4,1,0,0,4.17,8.33
1499,47,1,2,4,1,0,0,4.17,8.33
1499,48,0,3,4,1,0,0,4.17,8.33
1867,1,1,1,1,0,0,0,4.17,0
1867,2,1,2,1,0,0,0,4.17,0
1867,3,0,3,1,0,0,0,4.17,0
1867,4,0,1,2,0,0,0,4.17,0
1867,5,1,2,2,0,0,0,4.17,0
1867,6,0,3,2,0,0,0,4.17,0
1867,7,1,1,3,0,0,0,4.17,0
1867,8,1,2,3,0,0,0,4.17,0
1867,9,0,3,3,0,0,0,4.17,0
1867,10,0,1,4,0,0,0,4.17,0
1867,11,0,2,4,0,0,0,4.17,0
1867,12,0,3,4,0,0,0,4.17,0
1867,13,0,1,1,0,0,0,4.17,0
1867,14,0,2,1,0,0,0,4.17,0
1867,15,1,3,1,0,0,0,4.17,0
1867,16,0,1,2,0,0,0,4.17,0
1867,17,0,2,2,0,0,0,4.17,0
1867,18,0,3,2,0,0,0,4.17,0
1867,19,2,1,3,0,0,0,4.17,0
1867,20,0,2,3,0,0,0,4.17,0
1867,21,1,3,3,0,0,0,4.17,0
1867,22,0,1,4,0,0,0,4.17,0
1867,23,0,2,4,0,0,0,4.17,0
1867,24,1,3,4,0,0,0,4.17,0
1867,25,1,1,1,1,0,0,4.17,0
1867,26,1,2,1,1,0,0,4.17,0
1867,27,1,3,1,1,0,0,4.17,0
1867,28,1,1,2,1,0,0,4.17,0
1867,29,0,2,2,1,0,0,4.17,0
1867,30,0,3,2,1,0,0,4.17,0
1867,31,1,1,3,1,1,0,4.17,0
1867,32,1,2,3,1,0,0,4.17,0
1867,33,1,3,3,1,0,0,4.17,0
1867,34,1,1,4,1,0,0,4.17,0
1867,35,0,2,4,1,0,0,4.17,0
1867,36,0,3,4,1,0,0,4.17,0
1867,37,0,1,1,1,0,0,4.17,0
1867,38,1,2,1,1,0,0,4.17,0
1867,39,0,3,1,1,0,0,4.17,0
1867,40,1,1,2,1,0,0,4.17,0
1867,41,1,2,2,1,0,0,4.17,0
1867,42,1,3,2,1,0,0,4.17,0
1867,43,1,1,3,1,0,0,4.17,0
1867,44,1,2,3,1,0,0,4.17,0
1867,45,0,3,3,1,0,0,4.17,0
1867,46,0,1,4,1,0,0,4.17,0
1867,47,1,2,4,1,0,0,4.17,0
1867,48,0,3,4,1,0,0,4.17,0
2397,1,0,1,1,0,0,0,4.17,4.17
2397,2,1,2,1,0,0,0,4.17,4.17
2397,3,1,3,1,0,0,0,4.17,4.17
2397,4,0,1,2,0,0,0,4.17,4.17
2397,5,1,2,2,0,0,0,4.17,4.17
2397,6,1,3,2,0,0,0,4.17,4.17
2397,7,0,1,3,0,0,0,4.17,4.17
2397,8,1,2,3,0,0,0,4.17,4.17
2397,9,1,3,3,0,0,0,4.17,4.17
2397,10,1,1,4,0,0,0,4.17,4.17
2397,11,0,2,4,0,0,0,4.17,4.17
2397,12,1,3,4,0,0,0,4.17,4.17
2397,13,1,1,1,0,0,0,4.17,4.17
2397,14,1,2,1,0,0,0,4.17,4.17
2397,15,1,3,1,0,0,0,4.17,4.17
2397,16,0,1,2,0,0,0,4.17,4.17
2397,17,1,2,2,0,0,0,4.17,4.17
2397,18,1,3,2,0,0,0,4.17,4.17
2397,19,0,1,3,0,0,0,4.17,4.17
2397,20,1,2,3,0,0,0,4.17,4.17
2397,21,1,3,3,0,1,0,4.17,4.17
2397,22,0,1,4,0,0,0,4.17,4.17
2397,23,0,2,4,0,0,0,4.17,4.17
2397,24,2,3,4,0,0,0,4.17,4.17
2397,25,1,1,1,1,0,0,4.17,4.17
2397,26,1,2,1,1,0,0,4.17,4.17
2397,27,1,3,1,1,0,0,4.17,4.17
2397,28,0,1,2,1,0,0,4.17,4.17
2397,29,1,2,2,1,0,0,4.17,4.17
2397,30,1,3,2,1,0,0,4.17,4.17
2397,31,0,1,3,1,0,0,4.17,4.17
2397,32,1,2,3,1,0,0,4.17,4.17
2397,33,2,3,3,1,0,0,4.17,4.17
2397,34,0,1,4,1,0,0,4.17,4.17
2397,35,0,2,4,1,0,0,4.17,4.17
2397,36,1,3,4,1,1,0,4.17,4.17
2397,37,1,1,1,1,0,0,4.17,4.17
2397,38,1,2,1,1,0,0,4.17,4.17
2397,39,1,3,1,1,0,0,4.17,4.17
2397,40,0,1,2,1,0,0,4.17,4.17
2397,41,0,2,2,1,0,0,4.17,4.17
2397,42,1,3,2,1,0,0,4.17,4.17
2397,43,0,1,3,1,0,0,4.17,4.17
2397,44,0,2,3,1,0,0,4.17,4.17
2397,45,0,3,3,1,0,0,4.17,4.17
2397,46,0,1,4,1,0,0,4.17,4.17
2397,47,0,2,4,1,0,0,4.17,4.17
2397,48,0,3,4,1,0,0,4.17,4.17
2690,1,1,1,1,0,0,0,4.17,4.17
2690,2,1,2,1,0,0,0,4.17,4.17
2690,3,1,3,1,0,0,0,4.17,4.17
2690,4,0,1,2,0,0,0,4.17,4.17
2690,5,1,2,2,0,0,0,4.17,4.17
2690,6,1,3,2,0,0,0,4.17,4.17
2690,7,1,1,3,0,0,0,4.17,4.17
2690,8,1,2,3,0,0,0,4.17,4.17
2690,9,1,3,3,0,0,0,4.17,4.17
2690,10,1,1,4,0,1,0,4.17,4.17
2690,11,1,2,4,0,0,0,4.17,4.17
2690,12,1,3,4,0,0,0,4.17,4.17
2690,13,1,1,1,0,0,0,4.17,4.17
2690,14,2,2,1,0,0,0,4.17,4.17
2690,15,1,3,1,0,0,0,4.17,4.17
2690,16,1,1,2,0,0,0,4.17,4.17
2690,17,1,2,2,0,0,0,4.17,4.17
2690,18,1,3,2,0,0,0,4.17,4.17
2690,19,1,1,3,0,0,0,4.17,4.17
2690,20,1,2,3,0,0,0,4.17,4.17
2690,21,1,3,3,0,0,0,4.17,4.17
2690,22,1,1,4,0,0,0,4.17,4.17
2690,23,1,2,4,0,0,0,4.17,4.17
2690,24,1,3,4,0,0,0,4.17,4.17
2690,25,0,1,1,1,0,0,4.17,4.17
2690,26,1,2,1,1,1,0,4.17,4.17
2690,27,1,3,1,1,0,0,4.17,4.17
2690,28,0,1,2,1,0,0,4.17,4.17
2690,29,1,2,2,1,0,0,4.17,4.17
2690,30,1,3,2,1,0,0,4.17,4.17
2690,31,1,1,3,1,0,0,4.17,4.17
2690,32,1,2,3,1,0,0,4.17,4.17
2690,33,1,3,3,1,0,0,4.17,4.17
2690,34,1,1,4,1,0,0,4.17,4.17
2690,35,0,2,4,1,0,0,4.17,4.17
2690,36,1,3,4,1,0,0,4.17,4.17
2690,37,2,1,1,1,0,0,4.17,4.17
2690,38,0,2,1,1,0,0,4.17,4.17
2690,39,1,3,1,1,0,0,4.17,4.17
2690,40,1,1,2,1,0,0,4.17,4.17
2690,41,0,2,2,1,0,0,4.17,4.17
2690,42,1,3,2,1,0,0,4.17,4.17
2690,43,0,1,3,1,0,0,4.17,4.17
2690,44,0,2,3,1,0,0,4.17,4.17
2690,45,1,3,3,1,0,0,4.17,4.17
2690,46,0,1,4,1,0,0,4.17,4.17
2690,47,1,2,4,1,0,0,4.17,4.17
2690,48,0,3,4,1,0,0,4.17,4.17
2803,1,1,1,1,0,0,0,0,0
2803,2,1,2,1,0,0,0,0,0
2803,3,1,3,1,0,0,0,0,0
2803,4,0,1,2,0,0,0,0,0
2803,5,0,2,2,0,0,0,0,0
2803,6,0,3,2,0,0,0,0,0
2803,7,0,1,3,0,0,0,0,0
2803,8,0,2,3,0,0,0,0,0
2803,9,0,3,3,0,0,0,0,0
2803,10,0,1,4,0,0,0,0,0
2803,11,0,2,4,0,0,0,0,0
2803,12,0,3,4,0,0,0,0,0
2803,13,1,1,1,0,0,0,0,0
2803,14,1,2,1,0,0,0,0,0
2803,15,1,3,1,0,0,0,0,0
2803,16,1,1,2,0,0,0,0,0
2803,17,1,2,2,0,0,0,0,0
2803,18,1,3,2,0,0,0,0,0
2803,19,1,1,3,0,0,0,0,0
2803,20,1,2,3,0,0,0,0,0
2803,21,0,3,3,0,0,0,0,0
2803,22,0,1,4,0,0,0,0,0
2803,23,0,2,4,0,0,0,0,0
2803,24,0,3,4,0,0,0,0,0
2803,25,1,1,1,1,0,0,0,0
2803,26,1,2,1,1,0,0,0,0
2803,27,1,3,1,1,0,0,0,0
2803,28,0,1,2,1,0,0,0,0
2803,29,0,2,2,1,0,0,0,0
2803,30,0,3,2,1,0,0,0,0
2803,31,0,1,3,1,0,0,0,0
2803,32,0,2,3,1,0,0,0,0
2803,33,0,3,3,1,0,0,0,0
2803,34,0,1,4,1,0,0,0,0
2803,35,0,2,4,1,0,0,0,0
2803,36,0,3,4,1,0,0,0,0
2803,37,0,1,1,1,0,0,0,0
2803,38,1,2,1,1,0,0,0,0
2803,39,0,3,1,1,0,0,0,0
2803,40,0,1,2,1,0,0,0,0
2803,41,0,2,2,1,0,0,0,0
2803,42,0,3,2,1,0,0,0,0
2803,43,0,1,3,1,0,0,0,0
2803,44,0,2,3,1,0,0,0,0
2803,45,0,3,3,1,0,0,0,0
2803,46,0,1,4,1,0,0,0,0
2803,47,0,2,4,1,0,0,0,0
2803,48,0,3,4,1,0,0,0,0
2854,1,1,1,1,0,0,0,0,0
2854,2,1,2,1,0,0,0,0,0
2854,3,1,3,1,0,0,0,0,0
2854,4,1,1,2,0,0,0,0,0
2854,5,1,2,2,0,0,0,0,0
2854,6,1,3,2,0,0,0,0,0
2854,7,1,1,3,0,0,0,0,0
2854,8,1,2,3,0,0,0,0,0
2854,9,1,3,3,0,0,0,0,0
2854,10,1,1,4,0,0,0,0,0
2854,11,1,2,4,0,0,0,0,0
2854,12,1,3,4,0,0,0,0,0
2854,13,1,1,1,0,0,0,0,0
2854,14,1,2,1,0,0,0,0,0
2854,15,1,3,1,0,0,0,0,0
2854,16,1,1,2,0,0,0,0,0
2854,17,1,2,2,0,0,0,0,0
2854,18,1,3,2,0,0,0,0,0
2854,19,1,1,3,0,0,0,0,0
2854,20,1,2,3,0,0,0,0,0
2854,21,1,3,3,0,0,0,0,0
2854,22,1,1,4,0,0,0,0,0
2854,23,1,2,4,0,0,0,0,0
2854,24,1,3,4,0,0,0,0,0
2854,25,1,1,1,1,0,0,0,0
2854,26,1,2,1,1,0,0,0,0
2854,27,1,3,1,1,0,0,0,0
2854,28,1,1,2,1,0,0,0,0
2854,29,1,2,2,1,0,0,0,0
2854,30,1,3,2,1,0,0,0,0
2854,31,1,1,3,1,0,0,0,0
2854,32,1,2,3,1,0,0,0,0
2854,33,1,3,3,1,0,0,0,0
2854,34,1,1,4,1,0,0,0,0
2854,35,1,2,4,1,0,0,0,0
2854,36,1,3,4,1,0,0,0,0
2854,37,1,1,1,1,0,0,0,0
2854,38,1,2,1,1,0,0,0,0
2854,39,1,3,1,1,0,0,0,0
2854,40,1,1,2,1,0,0,0,0
2854,41,1,2,2,1,0,0,0,0
2854,42,1,3,2,1,0,0,0,0
2854,43,1,1,3,1,0,0,0,0
2854,44,1,2,3,1,0,0,0,0
2854,45,1,3,3,1,0,0,0,0
2854,46,1,1,4,1,0,0,0,0
2854,47,1,2,4,1,0,0,0,0
2854,48,1,3,4,1,0,0,0,0
2899,1,1,1,1,0,0,0,8.33,20.83
2899,2,1,2,1,0,0,0,8.33,20.83
2899,3,1,3,1,0,0,0,8.33,20.83
2899,4,1,1,2,0,0,0,8.33,20.83
2899,5,1,2,2,0,0,0,8.33,20.83
2899,6,1,3,2,0,0,0,8.33,20.83
2899,7,1,1,3,0,0,0,8.33,20.83
2899,8,2,2,3,0,0,0,8.33,20.83
2899,9,1,3,3,0,0,0,8.33,20.83
2899,10,2,1,4,0,0,0,8.33,20.83
2899,11,1,2,4,0,0,0,8.33,20.83
2899,12,1,3,4,0,0,0,8.33,20.83
2899,13,1,1,1,0,1,0,8.33,20.83
2899,14,1,2,1,0,0,0,8.33,20.83
2899,15,1,3,1,0,0,0,8.33,20.83
2899,16,1,1,2,0,0,0,8.33,20.83
2899,17,1,2,2,0,0,0,8.33,20.83
2899,18,1,3,2,0,0,0,8.33,20.83
2899,19,1,1,3,0,1,0,8.33,20.83
2899,20,1,2,3,0,0,0,8.33,20.83
2899,21,1,3,3,0,1,0,8.33,20.83
2899,22,1,1,4,0,1,0,8.33,20.83
2899,23,1,2,4,0,0,0,8.33,20.83
2899,24,1,3,4,0,0,0,8.33,20.83
2899,25,2,1,1,1,0,0,8.33,20.83
2899,26,1,2,1,1,0,0,8.33,20.83
2899,27,0,3,1,1,0,0,8.33,20.83
2899,28,1,1,2,1,0,0,8.33,20.83
2899,29,1,2,2,1,0,0,8.33,20.83
2899,30,1,3,2,1,0,0,8.33,20.83
2899,31,2,1,3,1,0,0,8.33,20.83
2899,32,0,2,3,1,0,0,8.33,20.83
2899,33,2,3,3,1,0,0,8.33,20.83
2899,34,2,1,4,1,0,0,8.33,20.83
2899,35,1,2,4,1,0,0,8.33,20.83
2899,36,1,3,4,1,0,0,8.33,20.83
2899,37,1,1,1,1,0,0,8.33,20.83
2899,38,0,2,1,1,0,0,8.33,20.83
2899,39,0,3,1,1,0,0,8.33,20.83
2899,40,0,1,2,1,0,0,8.33,20.83
2899,41,0,2,2,1,0,0,8.33,20.83
2899,42,1,3,2,1,0,0,8.33,20.83
2899,43,1,1,3,1,0,0,8.33,20.83
2899,44,0,2,3,1,0,0,8.33,20.83
2899,45,0,3,3,1,0,0,8.33,20.83
2899,46,0,1,4,1,0,0,8.33,20.83
2899,47,1,2,4,1,0,0,8.33,20.83
2899,48,2,3,4,1,0,0,8.33,20.83
2959,1,1,1,1,0,0,0,8.33,12.5
2959,2,1,2,1,0,0,0,8.33,12.5
2959,3,1,3,1,0,0,0,8.33,12.5
2959,4,1,1,2,0,0,0,8.33,12.5
2959,5,1,2,2,0,0,0,8.33,12.5
2959,6,1,3,2,0,0,0,8.33,12.5
2959,7,1,1,3,0,0,0,8.33,12.5
2959,8,1,2,3,0,0,0,8.33,12.5
2959,9,1,3,3,0,0,0,8.33,12.5
2959,10,2,1,4,0,0,0,8.33,12.5
2959,11,1,2,4,0,0,0,8.33,12.5
2959,12,1,3,4,0,0,0,8.33,12.5
2959,13,0,1,1,0,0,0,8.33,12.5
2959,14,1,2,1,0,0,0,8.33,12.5
2959,15,1,3,1,0,0,0,8.33,12.5
2959,16,1,1,2,0,0,0,8.33,12.5
2959,17,1,2,2,0,0,0,8.33,12.5
2959,18,2,3,2,0,0,0,8.33,12.5
2959,19,1,1,3,0,0,0,8.33,12.5
2959,20,1,2,3,0,0,0,8.33,12.5
2959,21,1,3,3,0,0,0,8.33,12.5
2959,22,1,1,4,0,1,0,8.33,12.5
2959,23,1,2,4,0,0,0,8.33,12.5
2959,24,1,3,4,0,0,0,8.33,12.5
2959,25,0,1,1,1,0,0,8.33,12.5
2959,26,0,2,1,1,0,0,8.33,12.5
2959,27,0,3,1,1,0,0,8.33,12.5
2959,28,1,1,2,1,0,0,8.33,12.5
2959,29,0,2,2,1,0,0,8.33,12.5
2959,30,0,3,2,1,0,0,8.33,12.5
2959,31,0,1,3,1,0,0,8.33,12.5
2959,32,0,2,3,1,0,0,8.33,12.5
2959,33,1,3,3,1,0,0,8.33,12.5
2959,34,2,1,4,1,0,0,8.33,12.5
2959,35,0,2,4,1,0,0,8.33,12.5
2959,36,1,3,4,1,0,0,8.33,12.5
2959,37,0,1,1,1,0,0,8.33,12.5
2959,38,1,2,1,1,0,0,8.33,12.5
2959,39,1,3,1,1,0,0,8.33,12.5
2959,40,2,1,2,1,0,0,8.33,12.5
2959,41,2,2,2,1,0,0,8.33,12.5
2959,42,1,3,2,1,0,0,8.33,12.5
2959,43,1,1,3,1,0,0,8.33,12.5
2959,44,0,2,3,1,0,0,8.33,12.5
2959,45,1,3,3,1,0,0,8.33,12.5
2959,46,1,1,4,1,0,0,8.33,12.5
2959,47,0,2,4,1,0,0,8.33,12.5
2959,48,1,3,4,1,0,0,8.33,12.5
2998,1,0,1,1,0,0,0,0,0
2998,2,1,2,1,0,0,0,0,0
2998,3,1,3,1,0,0,0,0,0
2998,4,1,1,2,0,0,0,0,0
2998,5,1,2,2,0,0,0,0,0
2998,6,1,3,2,0,0,0,0,0
2998,7,1,1,3,0,0,0,0,0
2998,8,1,2,3,0,0,0,0,0
2998,9,1,3,3,0,0,0,0,0
2998,10,0,1,4,0,0,0,0,0
2998,11,1,2,4,0,0,0,0,0
2998,12,1,3,4,0,0,0,0,0
2998,13,0,1,1,0,0,0,0,0
2998,14,1,2,1,0,0,0,0,0
2998,15,1,3,1,0,0,0,0,0
2998,16,0,1,2,0,0,0,0,0
2998,17,1,2,2,0,0,0,0,0
2998,18,1,3,2,0,0,0,0,0
2998,19,0,1,3,0,0,0,0,0
2998,20,1,2,3,0,0,0,0,0
2998,21,1,3,3,0,0,0,0,0
2998,22,0,1,4,0,0,0,0,0
2998,23,1,2,4,0,0,0,0,0
2998,24,1,3,4,0,0,0,0,0
2998,25,1,1,1,1,0,0,0,0
2998,26,1,2,1,1,0,0,0,0
2998,27,1,3,1,1,0,0,0,0
2998,28,0,1,2,1,0,0,0,0
2998,29,1,2,2,1,0,0,0,0
2998,30,1,3,2,1,0,0,0,0
2998,31,0,1,3,1,0,0,0,0
2998,32,0,2,3,1,0,0,0,0
2998,33,1,3,3,1,0,0,0,0
2998,34,0,1,4,1,0,0,0,0
2998,35,1,2,4,1,0,0,0,0
2998,36,1,3,4,1,0,0,0,0
2998,37,0,1,1,1,0,0,0,0
2998,38,0,2,1,1,0,0,0,0
2998,39,0,3,1,1,0,0,0,0
2998,40,0,1,2,1,0,0,0,0
2998,41,0,2,2,1,0,0,0,0
2998,42,0,3,2,1,0,0,0,0
2998,43,0,1,3,1,0,0,0,0
2998,44,0,2,3,1,0,0,0,0
2998,45,0,3,3,1,0,0,0,0
2998,46,0,1,4,1,0,0,0,0
2998,47,0,2,4,1,0,0,0,0
2998,48,0,3,4,1,0,0,0,0
3472,1,1,1,1,0,0,0,4.17,0
3472,2,1,2,1,0,0,0,4.17,0
3472,3,1,3,1,0,0,0,4.17,0
3472,4,1,1,2,0,0,0,4.17,0
3472,5,1,2,2,0,0,0,4.17,0
3472,6,2,3,2,0,0,0,4.17,0
3472,7,1,1,3,0,0,0,4.17,0
3472,8,1,2,3,0,0,0,4.17,0
3472,9,1,3,3,0,0,0,4.17,0
3472,10,1,1,4,0,0,0,4.17,0
3472,11,1,2,4,0,1,0,4.17,0
3472,12,1,3,4,0,0,0,4.17,0
3472,13,1,1,1,0,0,0,4.17,0
3472,14,1,2,1,0,0,0,4.17,0
3472,15,1,3,1,0,0,0,4.17,0
3472,16,1,1,2,0,0,0,4.17,0
3472,17,1,2,2,0,0,0,4.17,0
3472,18,1,3,2,0,0,0,4.17,0
3472,19,1,1,3,0,0,0,4.17,0
3472,20,1,2,3,0,0,0,4.17,0
3472,21,1,3,3,0,0,0,4.17,0
3472,22,1,1,4,0,0,0,4.17,0
3472,23,1,2,4,0,0,0,4.17,0
3472,24,1,3,4,0,0,0,4.17,0
3472,25,1,1,1,1,0,0,4.17,0
3472,26,1,2,1,1,0,0,4.17,0
3472,27,1,3,1,1,0,0,4.17,0
3472,28,1,1,2,1,0,0,4.17,0
3472,29,1,2,2,1,0,0,4.17,0
3472,30,1,3,2,1,0,0,4.17,0
3472,31,1,1,3,1,0,0,4.17,0
3472,32,1,2,3,1,0,0,4.17,0
3472,33,1,3,3,1,0,0,4.17,0
3472,34,1,1,4,1,0,0,4.17,0
3472,35,1,2,4,1,0,0,4.17,0
3472,36,1,3,4,1,0,0,4.17,0
3472,37,1,1,1,1,0,0,4.17,0
3472,38,1,2,1,1,0,0,4.17,0
3472,39,1,3,1,1,0,0,4.17,0
3472,40,1,1,2,1,0,0,4.17,0
3472,41,1,2,2,1,0,0,4.17,0
3472,42,1,3,2,1,0,0,4.17,0
3472,43,1,1,3,1,0,0,4.17,0
3472,44,1,2,3,1,0,0,4.17,0
3472,45,1,3,3,1,0,0,4.17,0
3472,46,0,1,4,1,0,0,4.17,0
3472,47,1,2,4,1,1,0,4.17,0
3472,48,1,3,4,1,0,0,4.17,0
3624,1,1,1,1,0,0,0,12.5,4.17
3624,2,1,2,1,0,0,0,12.5,4.17
3624,3,1,3,1,0,0,0,12.5,4.17
3624,4,0,1,2,0,0,0,12.5,4.17
3624,5,1,2,2,0,0,0,12.5,4.17
3624,6,1,3,2,0,0,0,12.5,4.17
3624,7,2,1,3,0,0,0,12.5,4.17
3624,8,2,2,3,0,0,0,12.5,4.17
3624,9,1,3,3,0,0,0,12.5,4.17
3624,10,0,1,4,0,0,0,12.5,4.17
3624,11,2,2,4,0,0,0,12.5,4.17
3624,12,1,3,4,0,0,0,12.5,4.17
3624,13,0,1,1,0,0,0,12.5,4.17
3624,14,1,2,1,0,0,0,12.5,4.17
3624,15,1,3,1,0,0,0,12.5,4.17
3624,16,0,1,2,0,0,0,12.5,4.17
3624,17,1,2,2,0,0,0,12.5,4.17
3624,18,1,3,2,0,0,0,12.5,4.17
3624,19,0,1,3,0,0,0,12.5,4.17
3624,20,1,2,3,0,1,0,12.5,4.17
3624,21,1,3,3,0,0,0,12.5,4.17
3624,22,0,1,4,0,0,0,12.5,4.17
3624,23,1,2,4,0,0,0,12.5,4.17
3624,24,0,3,4,0,0,0,12.5,4.17
3624,25,1,1,1,1,0,0,12.5,4.17
3624,26,1,2,1,1,0,0,12.5,4.17
3624,27,1,3,1,1,0,0,12.5,4.17
3624,28,0,1,2,1,0,0,12.5,4.17
3624,29,0,2,2,1,0,0,12.5,4.17
3624,30,1,3,2,1,0,0,12.5,4.17
3624,31,0,1,3,1,0,0,12.5,4.17
3624,32,2,2,3,1,0,0,12.5,4.17
3624,33,0,3,3,1,0,0,12.5,4.17
3624,34,0,1,4,1,0,0,12.5,4.17
3624,35,0,2,4,1,0,0,12.5,4.17
3624,36,1,3,4,1,0,0,12.5,4.17
3624,37,0,1,1,1,0,0,12.5,4.17
3624,38,0,2,1,1,0,0,12.5,4.17
3624,39,1,3,1,1,0,0,12.5,4.17
3624,40,0,1,2,1,0,0,12.5,4.17
3624,41,1,2,2,1,0,0,12.5,4.17
3624,42,1,3,2,1,0,0,12.5,4.17
3624,43,0,1,3,1,0,0,12.5,4.17
3624,44,0,2,3,1,0,0,12.5,4.17
3624,45,1,3,3,1,0,0,12.5,4.17
3624,46,0,1,4,1,0,0,12.5,4.17
3624,47,0,2,4,1,0,0,12.5,4.17
3624,48,1,3,4,1,0,0,12.5,4.17
4164,1,1,1,1,0,0,0,8.33,12.5
4164,2,1,2,1,0,0,0,8.33,12.5
4164,3,0,3,1,0,0,0,8.33,12.5
4164,4,0,1,2,0,0,0,8.33,12.5
4164,5,0,2,2,0,0,0,8.33,12.5
4164,6,0,3,2,0,0,0,8.33,12.5
4164,7,1,1,3,0,0,0,8.33,12.5
4164,8,0,2,3,0,0,0,8.33,12.5
4164,9,2,3,3,0,0,0,8.33,12.5
4164,10,2,1,4,0,0,0,8.33,12.5
4164,11,1,2,4,0,0,0,8.33,12.5
4164,12,0,3,4,0,0,0,8.33,12.5
4164,13,1,1,1,0,1,0,8.33,12.5
4164,14,1,2,1,0,0,0,8.33,12.5
4164,15,1,3,1,0,0,0,8.33,12.5
4164,16,1,1,2,0,1,0,8.33,12.5
4164,17,1,2,2,0,0,0,8.33,12.5
4164,18,1,3,2,0,0,0,8.33,12.5
4164,19,1,1,3,0,0,0,8.33,12.5
4164,20,1,2,3,0,0,0,8.33,12.5
4164,21,1,3,3,0,0,0,8.33,12.5
4164,22,1,1,4,0,1,0,8.33,12.5
4164,23,1,2,4,0,0,0,8.33,12.5
4164,24,1,3,4,0,0,0,8.33,12.5
4164,25,2,1,1,1,0,0,8.33,12.5
4164,26,1,2,1,1,0,0,8.33,12.5
4164,27,1,3,1,1,0,0,8.33,12.5
4164,28,2,1,2,1,0,0,8.33,12.5
4164,29,1,2,2,1,0,0,8.33,12.5
4164,30,1,3,2,1,0,0,8.33,12.5
4164,31,1,1,3,1,0,0,8.33,12.5
4164,32,1,2,3,1,0,0,8.33,12.5
4164,33,1,3,3,1,0,0,8.33,12.5
4164,34,2,1,4,1,0,0,8.33,12.5
4164,35,1,2,4,1,0,0,8.33,12.5
4164,36,1,3,4,1,0,0,8.33,12.5
4164,37,1,1,1,1,0,0,8.33,12.5
4164,38,1,2,1,1,0,0,8.33,12.5
4164,39,1,3,1,1,0,0,8.33,12.5
4164,40,1,1,2,1,0,0,8.33,12.5
4164,41,1,2,2,1,0,0,8.33,12.5
4164,42,1,3,2,1,0,0,8.33,12.5
4164,43,1,1,3,1,0,0,8.33,12.5
4164,44,1,2,3,1,0,0,8.33,12.5
4164,45,1,3,3,1,0,0,8.33,12.5
4164,46,1,1,4,1,0,0,8.33,12.5
4164,47,1,2,4,1,0,0,8.33,12.5
4164,48,1,3,4,1,0,0,8.33,12.5
4231,1,1,1,1,0,0,0,0,12.5
4231,2,1,2,1,0,0,0,0,12.5
4231,3,1,3,1,0,0,0,0,12.5
4231,4,1,1,2,0,0,0,0,12.5
4231,5,1,2,2,0,0,0,0,12.5
4231,6,1,3,2,0,0,0,0,12.5
4231,7,1,1,3,0,0,0,0,12.5
4231,8,1,2,3,0,0,0,0,12.5
4231,9,1,3,3,0,0,0,0,12.5
4231,10,1,1,4,0,0,0,0,12.5
4231,11,1,2,4,0,1,0,0,12.5
4231,12,1,3,4,0,0,0,0,12.5
4231,13,1,1,1,0,0,0,0,12.5
4231,14,1,2,1,0,0,0,0,12.5
4231,15,1,3,1,0,1,0,0,12.5
4231,16,1,1,2,0,0,0,0,12.5
4231,17,1,2,2,0,0,0,0,12.5
4231,18,1,3,2,0,0,0,0,12.5
4231,19,1,1,3,0,0,0,0,12.5
4231,20,1,2,3,0,1,0,0,12.5
4231,21,1,3,3,0,0,0,0,12.5
4231,22,1,1,4,0,1,0,0,12.5
4231,23,1,2,4,0,0,0,0,12.5
4231,24,1,3,4,0,0,0,0,12.5
4231,25,1,1,1,1,0,0,0,12.5
4231,26,1,2,1,1,0,0,0,12.5
4231,27,2,3,1,1,0,0,0,12.5
4231,28,1,1,2,1,0,0,0,12.5
4231,29,1,2,2,1,0,0,0,12.5
4231,30,0,3,2,1,0,0,0,12.5
4231,31,1,1,3,1,0,0,0,12.5
4231,32,2,2,3,1,0,0,0,12.5
4231,33,1,3,3,1,0,0,0,12.5
4231,34,2,1,4,1,0,0,0,12.5
4231,35,1,2,4,1,1,0,0,12.5
4231,36,1,3,4,1,0,0,0,12.5
4231,37,0,1,1,1,0,0,0,12.5
4231,38,1,2,1,1,0,0,0,12.5
4231,39,1,3,1,1,0,0,0,12.5
4231,40,1,1,2,1,0,0,0,12.5
4231,41,1,2,2,1,0,0,0,12.5
4231,42,1,3,2,1,0,0,0,12.5
4231,43,1,1,3,1,0,0,0,12.5
4231,44,0,2,3,1,0,0,0,12.5
4231,45,0,3,3,1,0,0,0,12.5
4231,46,1,1,4,1,0,0,0,12.5
4231,47,1,2,4,1,0,0,0,12.5
4231,48,0,3,4,1,0,0,0,12.5
4920,1,1,1,1,0,0,0,4.17,4.17
4920,2,1,2,1,0,0,0,4.17,4.17
4920,3,1,3,1,0,0,0,4.17,4.17
4920,4,1,1,2,0,0,0,4.17,4.17
4920,5,1,2,2,0,0,0,4.17,4.17
4920,6,1,3,2,0,0,0,4.17,4.17
4920,7,1,1,3,0,0,0,4.17,4.17
4920,8,1,2,3,0,0,0,4.17,4.17
4920,9,1,3,3,0,0,0,4.17,4.17
4920,10,1,1,4,0,0,0,4.17,4.17
4920,11,1,2,4,0,0,0,4.17,4.17
4920,12,1,3,4,0,0,0,4.17,4.17
4920,13,1,1,1,0,0,0,4.17,4.17
4920,14,1,2,1,0,0,0,4.17,4.17
4920,15,1,3,1,0,1,0,4.17,4.17
4920,16,1,1,2,0,0,0,4.17,4.17
4920,17,1,2,2,0,0,0,4.17,4.17
4920,18,2,3,2,0,0,0,4.17,4.17
4920,19,1,1,3,0,0,0,4.17,4.17
4920,20,1,2,3,0,0,0,4.17,4.17
4920,21,1,3,3,0,0,0,4.17,4.17
4920,22,1,1,4,0,0,0,4.17,4.17
4920,23,1,2,4,0,0,0,4.17,4.17
4920,24,1,3,4,0,1,0,4.17,4.17
4920,25,1,1,1,1,0,0,4.17,4.17
4920,26,1,2,1,1,0,0,4.17,4.17
4920,27,2,3,1,1,0,0,4.17,4.17
4920,28,1,1,2,1,0,0,4.17,4.17
4920,29,1,2,2,1,0,0,4.17,4.17
4920,30,1,3,2,1,1,0,4.17,4.17
4920,31,1,1,3,1,0,0,4.17,4.17
4920,32,1,2,3,1,0,0,4.17,4.17
4920,33,1,3,3,1,0,0,4.17,4.17
4920,34,1,1,4,1,0,0,4.17,4.17
4920,35,1,2,4,1,0,0,4.17,4.17
4920,36,1,3,4,1,0,0,4.17,4.17
4920,37,1,1,1,1,0,0,4.17,4.17
4920,38,1,2,1,1,0,0,4.17,4.17
4920,39,1,3,1,1,0,0,4.17,4.17
4920,40,1,1,2,1,0,0,4.17,4.17
4920,41,1,2,2,1,0,0,4.17,4.17
4920,42,1,3,2,1,0,0,4.17,4.17
4920,43,1,1,3,1,0,0,4.17,4.17
4920,44,1,2,3,1,0,0,4.17,4.17
4920,45,1,3,3,1,0,0,4.17,4.17
4920,46,1,1,4,1,0,0,4.17,4.17
4920,47,1,2,4,1,0,0,4.17,4.17
4920,48,1,3,4,1,0,0,4.17,4.17
5113,1,1,1,1,0,0,0,0,4.17
5113,2,1,2,1,0,0,0,0,4.17
5113,3,1,3,1,0,0,0,0,4.17
5113,4,1,1,2,0,0,0,0,4.17
5113,5,1,2,2,0,0,0,0,4.17
5113,6,1,3,2,0,0,0,0,4.17
5113,7,1,1,3,0,0,0,0,4.17
5113,8,1,2,3,0,0,0,0,4.17
5113,9,1,3,3,0,0,0,0,4.17
5113,10,1,1,4,0,0,0,0,4.17
5113,11,1,2,4,0,0,0,0,4.17
5113,12,1,3,4,0,0,0,0,4.17
5113,13,1,1,1,0,0,0,0,4.17
5113,14,1,2,1,0,0,0,0,4.17
5113,15,1,3,1,0,0,0,0,4.17
5113,16,1,1,2,0,1,0,0,4.17
5113,17,1,2,2,0,0,0,0,4.17
5113,18,1,3,2,0,0,0,0,4.17
5113,19,1,1,3,0,0,0,0,4.17
5113,20,1,2,3,0,0,0,0,4.17
5113,21,1,3,3,0,0,0,0,4.17
5113,22,1,1,4,0,0,0,0,4.17
5113,23,1,2,4,0,0,0,0,4.17
5113,24,1,3,4,0,0,0,0,4.17
5113,25,0,1,1,1,0,0,0,4.17
5113,26,0,2,1,1,0,0,0,4.17
5113,27,1,3,1,1,0,0,0,4.17
5113,28,2,1,2,1,0,0,0,4.17
5113,29,0,2,2,1,0,0,0,4.17
5113,30,0,3,2,1,0,0,0,4.17
5113,31,0,1,3,1,0,0,0,4.17
5113,32,0,2,3,1,0,0,0,4.17
5113,33,0,3,3,1,0,0,0,4.17
5113,34,0,1,4,1,0,0,0,4.17
5113,35,0,2,4,1,0,0,0,4.17
5113,36,0,3,4,1,0,0,0,4.17
5113,37,0,1,1,1,0,0,0,4.17
5113,38,0,2,1,1,0,0,0,4.17
5113,39,0,3,1,1,0,0,0,4.17
5113,40,0,1,2,1,0,0,0,4.17
5113,41,0,2,2,1,0,0,0,4.17
5113,42,0,3,2,1,0,0,0,4.17
5113,43,0,1,3,1,0,0,0,4.17
5113,44,0,2,3,1,0,0,0,4.17
5113,45,0,3,3,1,0,0,0,4.17
5113,46,0,1,4,1,0,0,0,4.17
5113,47,0,2,4,1,0,0,0,4.17
5113,48,0,3,4,1,0,0,0,4.17
5156,1,1,1,1,0,0,0,0,4.17
5156,2,1,2,1,0,0,0,0,4.17
5156,3,1,3,1,0,0,0,0,4.17
5156,4,1,1,2,0,0,0,0,4.17
5156,5,1,2,2,0,0,0,0,4.17
5156,6,1,3,2,0,0,0,0,4.17
5156,7,1,1,3,0,0,0,0,4.17
5156,8,1,2,3,0,0,0,0,4.17
5156,9,1,3,3,0,0,0,0,4.17
5156,10,1,1,4,0,0,0,0,4.17
5156,11,1,2,4,0,0,0,0,4.17
5156,12,1,3,4,0,0,0,0,4.17
5156,13,1,1,1,0,0,0,0,4.17
5156,14,1,2,1,0,0,0,0,4.17
5156,15,1,3,1,0,0,0,0,4.17
5156,16,1,1,2,0,0,0,0,4.17
5156,17,1,2,2,0,0,0,0,4.17
5156,18,1,3,2,0,0,0,0,4.17
5156,19,1,1,3,0,0,0,0,4.17
5156,20,1,2,3,0,0,0,0,4.17
5156,21,1,3,3,0,0,0,0,4.17
5156,22,1,1,4,0,1,0,0,4.17
5156,23,1,2,4,0,0,0,0,4.17
5156,24,1,3,4,0,0,0,0,4.17
5156,25,1,1,1,1,0,0,0,4.17
5156,26,1,2,1,1,0,0,0,4.17
5156,27,1,3,1,1,0,0,0,4.17
5156,28,1,1,2,1,0,0,0,4.17
5156,29,1,2,2,1,0,0,0,4.17
5156,30,0,3,2,1,0,0,0,4.17
5156,31,1,1,3,1,0,0,0,4.17
5156,32,1,2,3,1,0,0,0,4.17
5156,33,1,3,3,1,0,0,0,4.17
5156,34,2,1,4,1,0,0,0,4.17
5156,35,1,2,4,1,0,0,0,4.17
5156,36,1,3,4,1,0,0,0,4.17
5156,37,1,1,1,1,0,0,0,4.17
5156,38,1,2,1,1,0,0,0,4.17
5156,39,1,3,1,1,0,0,0,4.17
5156,40,1,1,2,1,0,0,0,4.17
5156,41,1,2,2,1,0,0,0,4.17
5156,42,1,3,2,1,0,0,0,4.17
5156,43,0,1,3,1,0,0,0,4.17
5156,44,1,2,3,1,0,0,0,4.17
5156,45,1,3,3,1,0,0,0,4.17
5156,46,0,1,4,1,0,0,0,4.17
5156,47,1,2,4,1,0,0,0,4.17
5156,48,1,3,4,1,0,0,0,4.17
5495,1,1,1,1,0,0,0,4.17,12.5
5495,2,1,2,1,0,0,0,4.17,12.5
5495,3,1,3,1,0,0,0,4.17,12.5
5495,4,1,1,2,0,0,0,4.17,12.5
5495,5,1,2,2,0,0,0,4.17,12.5
5495,6,1,3,2,0,0,0,4.17,12.5
5495,7,1,1,3,0,0,0,4.17,12.5
5495,8,1,2,3,0,0,0,4.17,12.5
5495,9,1,3,3,0,0,0,4.17,12.5
5495,10,1,1,4,0,0,0,4.17,12.5
5495,11,1,2,4,0,0,0,4.17,12.5
5495,12,1,3,4,0,0,0,4.17,12.5
5495,13,1,1,1,0,0,0,4.17,12.5
5495,14,1,2,1,0,0,0,4.17,12.5
5495,15,1,3,1,0,0,0,4.17,12.5
5495,16,1,1,2,0,0,0,4.17,12.5
5495,17,1,2,2,0,0,0,4.17,12.5
5495,18,1,3,2,0,0,0,4.17,12.5
5495,19,1,1,3,0,0,0,4.17,12.5
5495,20,1,2,3,0,0,0,4.17,12.5
5495,21,2,3,3,0,0,0,4.17,12.5
5495,22,1,1,4,0,0,0,4.17,12.5
5495,23,1,2,4,0,0,0,4.17,12.5
5495,24,1,3,4,0,0,0,4.17,12.5
5495,25,1,1,1,1,0,0,4.17,12.5
5495,26,1,2,1,1,0,0,4.17,12.5
5495,27,1,3,1,1,0,0,4.17,12.5
5495,28,1,1,2,1,0,0,4.17,12.5
5495,29,1,2,2,1,0,0,4.17,12.5
5495,30,1,3,2,1,0,0,4.17,12.5
5495,31,0,1,3,1,0,0,4.17,12.5
5495,32,1,2,3,1,0,0,4.17,12.5
5495,33,1,3,3,1,1,0,4.17,12.5
5495,34,1,1,4,1,0,0,4.17,12.5
5495,35,1,2,4,1,0,0,4.17,12.5
5495,36,1,3,4,1,0,0,4.17,12.5
5495,37,0,1,1,1,0,0,4.17,12.5
5495,38,0,2,1,1,0,0,4.17,12.5
5495,39,0,3,1,1,0,0,4.17,12.5
5495,40,0,1,2,1,0,0,4.17,12.5
5495,41,0,2,2,1,0,0,4.17,12.5
5495,42,1,3,2,1,0,0,4.17,12.5
5495,43,2,1,3,1,0,0,4.17,12.5
5495,44,2,2,3,1,0,0,4.17,12.5
5495,45,2,3,3,1,0,0,4.17,12.5
5495,46,0,1,4,1,0,0,4.17,12.5
5495,47,0,2,4,1,0,0,4.17,12.5
5495,48,0,3,4,1,0,0,4.17,12.5
5654,1,1,1,1,0,0,0,0,12.5
5654,2,1,2,1,0,0,0,0,12.5
5654,3,1,3,1,0,0,0,0,12.5
5654,4,1,1,2,0,0,0,0,12.5
5654,5,1,2,2,0,0,0,0,12.5
5654,6,1,3,2,0,0,0,0,12.5
5654,7,1,1,3,0,0,0,0,12.5
5654,8,1,2,3,0,0,0,0,12.5
5654,9,1,3,3,0,0,0,0,12.5
5654,10,1,1,4,0,0,0,0,12.5
5654,11,1,2,4,0,0,0,0,12.5
5654,12,1,3,4,0,0,0,0,12.5
5654,13,1,1,1,0,0,0,0,12.5
5654,14,1,2,1,0,0,0,0,12.5
5654,15,1,3,1,0,0,0,0,12.5
5654,16,1,1,2,0,0,0,0,12.5
5654,17,1,2,2,0,0,0,0,12.5
5654,18,1,3,2,0,0,0,0,12.5
5654,19,1,1,3,0,0,0,0,12.5
5654,20,1,2,3,0,1,0,0,12.5
5654,21,1,3,3,0,0,0,0,12.5
5654,22,1,1,4,0,0,0,0,12.5
5654,23,1,2,4,0,0,0,0,12.5
5654,24,1,3,4,0,1,0,0,12.5
5654,25,1,1,1,1,0,0,0,12.5
5654,26,1,2,1,1,0,0,0,12.5
5654,27,1,3,1,1,0,0,0,12.5
5654,28,0,1,2,1,0,0,0,12.5
5654,29,0,2,2,1,0,0,0,12.5
5654,30,0,3,2,1,0,0,0,12.5
5654,31,0,1,3,1,0,0,0,12.5
5654,32,2,2,3,1,0,0,0,12.5
5654,33,0,3,3,1,0,0,0,12.5
5654,34,0,1,4,1,0,0,0,12.5
5654,35,1,2,4,1,1,0,0,12.5
5654,36,2,3,4,1,0,0,0,12.5
5654,37,1,1,1,1,0,0,0,12.5
5654,38,1,2,1,1,0,0,0,12.5
5654,39,1,3,1,1,0,0,0,12.5
5654,40,0,1,2,1,0,0,0,12.5
5654,41,1,2,2,1,0,0,0,12.5
5654,42,0,3,2,1,0,0,0,12.5
5654,43,0,1,3,1,0,0,0,12.5
5654,44,0,2,3,1,0,0,0,12.5
5654,45,2,3,3,1,0,0,0,12.5
5654,46,0,1,4,1,0,0,0,12.5
5654,47,0,2,4,1,0,0,0,12.5
5654,48,0,3,4,1,0,0,0,12.5
5918,1,1,1,1,0,0,0,0,0
5918,2,1,2,1,0,0,0,0,0
5918,3,1,3,1,0,0,0,0,0
5918,4,1,1,2,0,0,0,0,0
5918,5,1,2,2,0,0,0,0,0
5918,6,1,3,2,0,0,0,0,0
5918,7,0,1,3,0,0,0,0,0
5918,8,1,2,3,0,0,0,0,0
5918,9,0,3,3,0,0,0,0,0
5918,10,0,1,4,0,0,0,0,0
5918,11,1,2,4,0,1,0,0,0
5918,12,0,3,4,0,0,0,0,0
5918,13,1,1,1,0,0,0,0,0
5918,14,1,2,1,0,0,0,0,0
5918,15,1,3,1,0,0,0,0,0
5918,16,0,1,2,0,0,0,0,0
5918,17,1,2,2,0,0,0,0,0
5918,18,1,3,2,0,0,0,0,0
5918,19,0,1,3,0,0,0,0,0
5918,20,0,2,3,0,0,0,0,0
5918,21,1,3,3,0,0,0,0,0
5918,22,0,1,4,0,0,0,0,0
5918,23,0,2,4,0,0,0,0,0
5918,24,1,3,4,0,0,0,0,0
5918,25,1,1,1,1,0,0,0,0
5918,26,0,2,1,1,0,0,0,0
5918,27,1,3,1,1,0,0,0,0
5918,28,0,1,2,1,0,0,0,0
5918,29,0,2,2,1,0,0,0,0
5918,30,0,3,2,1,0,0,0,0
5918,31,0,1,3,1,0,0,0,0
5918,32,0,2,3,1,0,0,0,0
5918,33,0,3,3,1,0,0,0,0
5918,34,0,1,4,1,0,0,0,0
5918,35,0,2,4,1,0,0,0,0
5918,36,0,3,4,1,0,0,0,0
5918,37,0,1,1,1,0,0,0,0
5918,38,1,2,1,1,0,0,0,0
5918,39,1,3,1,1,0,0,0,0
5918,40,0,1,2,1,0,0,0,0
5918,41,1,2,2,1,0,0,0,0
5918,42,0,3,2,1,0,0,0,0
5918,43,0,1,3,1,0,0,0,0
5918,44,0,2,3,1,0,0,0,0
5918,45,0,3,3,1,0,0,0,0
5918,46,0,1,4,1,0,0,0,0
5918,47,0,2,4,1,0,0,0,0
5918,48,0,3,4,1,0,0,0,0
6055,1,1,1,1,0,0,0,0,4.17
6055,2,1,2,1,0,0,0,0,4.17
6055,3,1,3,1,0,0,0,0,4.17
6055,4,1,1,2,0,0,0,0,4.17
6055,5,1,2,2,0,0,0,0,4.17
6055,6,1,3,2,0,0,0,0,4.17
6055,7,1,1,3,0,0,0,0,4.17
6055,8,1,2,3,0,0,0,0,4.17
6055,9,1,3,3,0,0,0,0,4.17
6055,10,1,1,4,0,0,0,0,4.17
6055,11,0,2,4,0,0,0,0,4.17
6055,12,1,3,4,0,0,0,0,4.17
6055,13,1,1,1,0,0,0,0,4.17
6055,14,1,2,1,0,0,0,0,4.17
6055,15,1,3,1,0,0,0,0,4.17
6055,16,1,1,2,0,1,0,0,4.17
6055,17,1,2,2,0,0,0,0,4.17
6055,18,1,3,2,0,0,0,0,4.17
6055,19,1,1,3,0,0,0,0,4.17
6055,20,1,2,3,0,0,0,0,4.17
6055,21,1,3,3,0,0,0,0,4.17
6055,22,1,1,4,0,0,0,0,4.17
6055,23,1,2,4,0,0,0,0,4.17
6055,24,1,3,4,0,0,0,0,4.17
6055,25,1,1,1,1,0,0,0,4.17
6055,26,1,2,1,1,0,0,0,4.17
6055,27,1,3,1,1,0,0,0,4.17
6055,28,2,1,2,1,0,0,0,4.17
6055,29,1,2,2,1,0,0,0,4.17
6055,30,1,3,2,1,0,0,0,4.17
6055,31,1,1,3,1,0,0,0,4.17
6055,32,1,2,3,1,0,0,0,4.17
6055,33,0,3,3,1,0,0,0,4.17
6055,34,1,1,4,1,0,0,0,4.17
6055,35,1,2,4,1,0,0,0,4.17
6055,36,1,3,4,1,0,0,0,4.17
6055,37,1,1,1,1,0,0,0,4.17
6055,38,1,2,1,1,0,0,0,4.17
6055,39,1,3,1,1,0,0,0,4.17
6055,40,1,1,2,1,0,0,0,4.17
6055,41,0,2,2,1,0,0,0,4.17
6055,42,1,3,2,1,0,0,0,4.17
6055,43,1,1,3,1,0,0,0,4.17
6055,44,1,2,3,1,0,0,0,4.17
6055,45,1,3,3,1,0,0,0,4.17
6055,46,1,1,4,1,0,0,0,4.17
6055,47,1,2,4,1,0,0,0,4.17
6055,48,1,3,4,1,0,0,0,4.17
6121,1,1,1,1,0,0,0,0,8.33
6121,2,1,2,1,0,0,0,0,8.33
6121,3,1,3,1,0,0,0,0,8.33
6121,4,1,1,2,0,0,0,0,8.33
6121,5,1,2,2,0,0,0,0,8.33
6121,6,1,3,2,0,0,0,0,8.33
6121,7,1,1,3,0,0,0,0,8.33
6121,8,1,2,3,0,0,0,0,8.33
6121,9,1,3,3,0,0,0,0,8.33
6121,10,1,1,4,0,0,0,0,8.33
6121,11,1,2,4,0,0,0,0,8.33
6121,12,1,3,4,0,0,0,0,8.33
6121,13,1,1,1,0,0,0,0,8.33
6121,14,1,2,1,0,0,0,0,8.33
6121,15,1,3,1,0,0,0,0,8.33
6121,16,1,1,2,0,0,0,0,8.33
6121,17,1,2,2,0,0,0,0,8.33
6121,18,1,3,2,0,1,0,0,8.33
6121,19,1,1,3,0,0,0,0,8.33
6121,20,1,2,3,0,0,0,0,8.33
6121,21,1,3,3,0,0,0,0,8.33
6121,22,1,1,4,0,0,0,0,8.33
6121,23,1,2,4,0,0,0,0,8.33
6121,24,1,3,4,0,0,0,0,8.33
6121,25,1,1,1,1,0,0,0,8.33
6121,26,1,2,1,1,0,0,0,8.33
6121,27,1,3,1,1,0,0,0,8.33
6121,28,1,1,2,1,0,0,0,8.33
6121,29,1,2,2,1,0,0,0,8.33
6121,30,2,3,2,1,0,0,0,8.33
6121,31,1,1,3,1,0,0,0,8.33
6121,32,1,2,3,1,0,0,0,8.33
6121,33,1,3,3,1,0,0,0,8.33
6121,34,1,1,4,1,0,0,0,8.33
6121,35,1,2,4,1,0,0,0,8.33
6121,36,1,3,4,1,0,0,0,8.33
6121,37,1,1,1,1,0,0,0,8.33
6121,38,1,2,1,1,0,0,0,8.33
6121,39,1,3,1,1,0,0,0,8.33
6121,40,1,1,2,1,0,0,0,8.33
6121,41,2,2,2,1,0,0,0,8.33
6121,42,1,3,2,1,0,0,0,8.33
6121,43,1,1,3,1,0,0,0,8.33
6121,44,1,2,3,1,0,0,0,8.33
6121,45,1,3,3,1,0,0,0,8.33
6121,46,1,1,4,1,0,0,0,8.33
6121,47,1,2,4,1,0,0,0,8.33
6121,48,1,3,4,1,0,0,0,8.33
6335,1,1,1,1,0,0,0,0,0
6335,2,1,2,1,0,0,0,0,0
6335,3,1,3,1,0,0,0,0,0
6335,4,1,1,2,0,0,0,0,0
6335,5,1,2,2,0,0,0,0,0
6335,6,1,3,2,0,0,0,0,0
6335,7,1,1,3,0,0,0,0,0
6335,8,1,2,3,0,0,0,0,0
6335,9,1,3,3,0,0,0,0,0
6335,10,1,1,4,0,0,0,0,0
6335,11,1,2,4,0,0,0,0,0
6335,12,1,3,4,0,0,0,0,0
6335,13,1,1,1,0,0,0,0,0
6335,14,1,2,1,0,0,0,0,0
6335,15,1,3,1,0,0,0,0,0
6335,16,1,1,2,0,0,0,0,0
6335,17,1,2,2,0,0,0,0,0
6335,18,1,3,2,0,0,0,0,0
6335,19,1,1,3,0,0,0,0,0
6335,20,1,2,3,0,0,0,0,0
6335,21,1,3,3,0,0,0,0,0
6335,22,1,1,4,0,0,0,0,0
6335,23,1,2,4,0,0,0,0,0
6335,24,1,3,4,0,0,0,0,0
6335,25,1,1,1,1,0,0,0,0
6335,26,1,2,1,1,0,0,0,0
6335,27,1,3,1,1,0,0,0,0
6335,28,1,1,2,1,0,0,0,0
6335,29,1,2,2,1,0,0,0,0
6335,30,1,3,2,1,0,0,0,0
6335,31,1,1,3,1,0,0,0,0
6335,32,1,2,3,1,0,0,0,0
6335,33,0,3,3,1,0,0,0,0
6335,34,1,1,4,1,0,0,0,0
6335,35,1,2,4,1,0,0,0,0
6335,36,1,3,4,1,0,0,0,0
6335,37,1,1,1,1,0,0,0,0
6335,38,1,2,1,1,0,0,0,0
6335,39,1,3,1,1,0,0,0,0
6335,40,1,1,2,1,0,0,0,0
6335,41,1,2,2,1,0,0,0,0
6335,42,1,3,2,1,0,0,0,0
6335,43,1,1,3,1,0,0,0,0
6335,44,1,2,3,1,0,0,0,0
6335,45,1,3,3,1,0,0,0,0
6335,46,1,1,4,1,0,0,0,0
6335,47,1,2,4,1,0,0,0,0
6335,48,1,3,4,1,0,0,0,0
6397,1,1,1,1,0,0,0,4.17,4.17
6397,2,1,2,1,0,0,0,4.17,4.17
6397,3,1,3,1,0,0,0,4.17,4.17
6397,4,1,1,2,0,0,0,4.17,4.17
6397,5,1,2,2,0,0,0,4.17,4.17
6397,6,1,3,2,0,0,0,4.17,4.17
6397,7,1,1,3,0,0,0,4.17,4.17
6397,8,1,2,3,0,0,0,4.17,4.17
6397,9,1,3,3,0,0,0,4.17,4.17
6397,10,1,1,4,0,0,0,4.17,4.17
6397,11,1,2,4,0,0,0,4.17,4.17
6397,12,1,3,4,0,0,0,4.17,4.17
6397,13,1,1,1,0,0,0,4.17,4.17
6397,14,1,2,1,0,1,0,4.17,4.17
6397,15,1,3,1,0,0,0,4.17,4.17
6397,16,1,1,2,0,0,0,4.17,4.17
6397,17,1,2,2,0,0,0,4.17,4.17
6397,18,2,3,2,0,0,0,4.17,4.17
6397,19,1,1,3,0,0,0,4.17,4.17
6397,20,1,2,3,0,0,0,4.17,4.17
6397,21,1,3,3,0,0,0,4.17,4.17
6397,22,1,1,4,0,0,0,4.17,4.17
6397,23,1,2,4,0,0,0,4.17,4.17
6397,24,1,3,4,0,0,0,4.17,4.17
6397,25,1,1,1,1,0,0,4.17,4.17
6397,26,2,2,1,1,0,0,4.17,4.17
6397,27,1,3,1,1,0,0,4.17,4.17
6397,28,1,1,2,1,0,0,4.17,4.17
6397,29,1,2,2,1,0,0,4.17,4.17
6397,30,1,3,2,1,1,0,4.17,4.17
6397,31,1,1,3,1,0,0,4.17,4.17
6397,32,1,2,3,1,0,0,4.17,4.17
6397,33,1,3,3,1,0,0,4.17,4.17
6397,34,1,1,4,1,0,0,4.17,4.17
6397,35,1,2,4,1,0,0,4.17,4.17
6397,36,1,3,4,1,0,0,4.17,4.17
6397,37,1,1,1,1,0,0,4.17,4.17
6397,38,1,2,1,1,0,0,4.17,4.17
6397,39,1,3,1,1,0,0,4.17,4.17
6397,40,1,1,2,1,0,0,4.17,4.17
6397,41,1,2,2,1,0,0,4.17,4.17
6397,42,1,3,2,1,0,0,4.17,4.17
6397,43,1,1,3,1,0,0,4.17,4.17
6397,44,1,2,3,1,0,0,4.17,4.17
6397,45,1,3,3,1,0,0,4.17,4.17
6397,46,1,1,4,1,0,0,4.17,4.17
6397,47,1,2,4,1,0,0,4.17,4.17
6397,48,1,3,4,1,0,0,4.17,4.17
6495,1,1,1,1,0,0,0,4.17,12.5
6495,2,1,2,1,0,0,0,4.17,12.5
6495,3,1,3,1,0,0,0,4.17,12.5
6495,4,2,1,2,0,0,0,4.17,12.5
6495,5,1,2,2,0,0,0,4.17,12.5
6495,6,1,3,2,0,0,0,4.17,12.5
6495,7,1,1,3,0,0,0,4.17,12.5
6495,8,1,2,3,0,0,0,4.17,12.5
6495,9,1,3,3,0,0,0,4.17,12.5
6495,10,0,1,4,0,0,0,4.17,12.5
6495,11,1,2,4,0,0,0,4.17,12.5
6495,12,1,3,4,0,0,0,4.17,12.5
6495,13,1,1,1,0,0,0,4.17,12.5
6495,14,1,2,1,0,0,0,4.17,12.5
6495,15,1,3,1,0,1,0,4.17,12.5
6495,16,1,1,2,0,1,0,4.17,12.5
6495,17,1,2,2,0,0,0,4.17,12.5
6495,18,1,3,2,0,0,0,4.17,12.5
6495,19,1,1,3,0,0,0,4.17,12.5
6495,20,1,2,3,0,0,0,4.17,12.5
6495,21,1,3,3,0,0,0,4.17,12.5
6495,22,1,1,4,0,0,0,4.17,12.5
6495,23,1,2,4,0,0,0,4.17,12.5
6495,24,1,3,4,0,0,0,4.17,12.5
6495,25,1,1,1,1,0,0,4.17,12.5
6495,26,1,2,1,1,0,0,4.17,12.5
6495,27,2,3,1,1,0,0,4.17,12.5
6495,28,2,1,2,1,0,0,4.17,12.5
6495,29,1,2,2,1,0,0,4.17,12.5
6495,30,0,3,2,1,0,0,4.17,12.5
6495,31,1,1,3,1,0,0,4.17,12.5
6495,32,1,2,3,1,0,0,4.17,12.5
6495,33,1,3,3,1,0,0,4.17,12.5
6495,34,0,1,4,1,0,0,4.17,12.5
6495,35,1,2,4,1,0,0,4.17,12.5
6495,36,1,3,4,1,0,0,4.17,12.5
6495,37,1,1,1,1,0,0,4.17,12.5
6495,38,1,2,1,1,0,0,4.17,12.5
6495,39,1,3,1,1,0,0,4.17,12.5
6495,40,1,1,2,1,0,0,4.17,12.5
6495,41,1,2,2,1,0,0,4.17,12.5
6495,42,1,3,2,1,0,0,4.17,12.5
6495,43,1,1,3,1,0,0,4.17,12.5
6495,44,1,2,3,1,0,0,4.17,12.5
6495,45,1,3,3,1,0,0,4.17,12.5
6495,46,1,1,4,1,0,0,4.17,12.5
6495,47,0,2,4,1,0,0,4.17,12.5
6495,48,2,3,4,1,0,0,4.17,12.5
6604,1,1,1,1,0,0,0,0,0
6604,2,1,2,1,0,0,0,0,0
6604,3,1,3,1,0,0,0,0,0
6604,4,1,1,2,0,0,0,0,0
6604,5,1,2,2,0,0,0,0,0
6604,6,1,3,2,0,0,0,0,0
6604,7,1,1,3,0,0,0,0,0
6604,8,1,2,3,0,0,0,0,0
6604,9,1,3,3,0,0,0,0,0
6604,10,1,1,4,0,0,0,0,0
6604,11,1,2,4,0,0,0,0,0
6604,12,1,3,4,0,0,0,0,0
6604,13,1,1,1,0,0,0,0,0
6604,14,1,2,1,0,0,0,0,0
6604,15,1,3,1,0,0,0,0,0
6604,16,1,1,2,0,0,0,0,0
6604,17,1,2,2,0,0,0,0,0
6604,18,1,3,2,0,0,0,0,0
6604,19,1,1,3,0,0,0,0,0
6604,20,1,2,3,0,0,0,0,0
6604,21,1,3,3,0,0,0,0,0
6604,22,1,1,4,0,0,0,0,0
6604,23,1,2,4,0,0,0,0,0
6604,24,1,3,4,0,0,0,0,0
6604,25,1,1,1,1,0,0,0,0
6604,26,1,2,1,1,0,0,0,0
6604,27,1,3,1,1,0,0,0,0
6604,28,1,1,2,1,0,0,0,0
6604,29,1,2,2,1,0,0,0,0
6604,30,1,3,2,1,0,0,0,0
6604,31,1,1,3,1,0,0,0,0
6604,32,1,2,3,1,0,0,0,0
6604,33,1,3,3,1,0,0,0,0
6604,34,1,1,4,1,0,0,0,0
6604,35,1,2,4,1,0,0,0,0
6604,36,1,3,4,1,0,0,0,0
6604,37,1,1,1,1,0,0,0,0
6604,38,1,2,1,1,0,0,0,0
6604,39,1,3,1,1,0,0,0,0
6604,40,1,1,2,1,0,0,0,0
6604,41,1,2,2,1,0,0,0,0
6604,42,1,3,2,1,0,0,0,0
6604,43,1,1,3,1,0,0,0,0
6604,44,1,2,3,1,0,0,0,0
6604,45,1,3,3,1,0,0,0,0
6604,46,1,1,4,1,0,0,0,0
6604,47,1,2,4,1,0,0,0,0
6604,48,1,3,4,1,0,0,0,0
6644,1,0,1,1,0,0,0,0,0
6644,2,1,2,1,0,0,0,0,0
6644,3,0,3,1,0,0,0,0,0
6644,4,1,1,2,0,0,0,0,0
6644,5,0,2,2,0,0,0,0,0
6644,6,1,3,2,0,0,0,0,0
6644,7,1,1,3,0,0,0,0,0
6644,8,1,2,3,0,0,0,0,0
6644,9,0,3,3,0,0,0,0,0
6644,10,0,1,4,0,0,0,0,0
6644,11,0,2,4,0,0,0,0,0
6644,12,0,3,4,0,0,0,0,0
6644,13,1,1,1,0,0,0,0,0
6644,14,1,2,1,0,0,0,0,0
6644,15,1,3,1,0,0,0,0,0
6644,16,1,1,2,0,0,0,0,0
6644,17,1,2,2,0,0,0,0,0
6644,18,1,3,2,0,0,0,0,0
6644,19,0,1,3,0,0,0,0,0
6644,20,1,2,3,0,0,0,0,0
6644,21,1,3,3,0,0,0,0,0
6644,22,0,1,4,0,0,0,0,0
6644,23,1,2,4,0,0,0,0,0
6644,24,0,3,4,0,0,0,0,0
6644,25,1,1,1,1,0,0,0,0
6644,26,0,2,1,1,0,0,0,0
6644,27,0,3,1,1,0,0,0,0
6644,28,1,1,2,1,0,0,0,0
6644,29,1,2,2,1,0,0,0,0
6644,30,1,3,2,1,0,0,0,0
6644,31,0,1,3,1,0,0,0,0
6644,32,1,2,3,1,0,0,0,0
6644,33,1,3,3,1,0,0,0,0
6644,34,0,1,4,1,0,0,0,0
6644,35,1,2,4,1,0,0,0,0
6644,36,0,3,4,1,0,0,0,0
6644,37,0,1,1,1,0,0,0,0
6644,38,0,2,1,1,0,0,0,0
6644,39,1,3,1,1,0,0,0,0
6644,40,1,1,2,1,0,0,0,0
6644,41,0,2,2,1,0,0,0,0
6644,42,1,3,2,1,0,0,0,0
6644,43,0,1,3,1,0,0,0,0
6644,44,1,2,3,1,0,0,0,0
6644,45,0,3,3,1,0,0,0,0
6644,46,1,1,4,1,1,0,0,0
6644,47,0,2,4,1,0,0,0,0
6644,48,1,3,4,1,0,0,0,0
7656,1,1,1,1,0,0,0,0,12.5
7656,2,1,2,1,0,0,0,0,12.5
7656,3,1,3,1,0,0,0,0,12.5
7656,4,1,1,2,0,0,0,0,12.5
7656,5,1,2,2,0,0,0,0,12.5
7656,6,1,3,2,0,0,0,0,12.5
7656,7,1,1,3,0,0,0,0,12.5
7656,8,1,2,3,0,0,0,0,12.5
7656,9,1,3,3,0,0,0,0,12.5
7656,10,1,1,4,0,0,0,0,12.5
7656,11,1,2,4,0,0,0,0,12.5
7656,12,1,3,4,0,0,0,0,12.5
7656,13,1,1,1,0,0,0,0,12.5
7656,14,1,2,1,0,0,0,0,12.5
7656,15,1,3,1,0,1,0,0,12.5
7656,16,1,1,2,0,0,0,0,12.5
7656,17,1,2,2,0,0,0,0,12.5
7656,18,1,3,2,0,1,0,0,12.5
7656,19,1,1,3,0,0,0,0,12.5
7656,20,1,2,3,0,0,0,0,12.5
7656,21,1,3,3,0,0,0,0,12.5
7656,22,1,1,4,0,0,0,0,12.5
7656,23,1,2,4,0,0,0,0,12.5
7656,24,1,3,4,0,0,0,0,12.5
7656,25,1,1,1,1,0,0,0,12.5
7656,26,1,2,1,1,0,0,0,12.5
7656,27,2,3,1,1,0,0,0,12.5
7656,28,1,1,2,1,0,0,0,12.5
7656,29,0,2,2,1,0,0,0,12.5
7656,30,2,3,2,1,0,0,0,12.5
7656,31,1,1,3,1,0,0,0,12.5
7656,32,0,2,3,1,0,0,0,12.5
7656,33,1,3,3,1,0,0,0,12.5
7656,34,0,1,4,1,0,0,0,12.5
7656,35,0,2,4,1,0,0,0,12.5
7656,36,0,3,4,1,0,0,0,12.5
7656,37,0,1,1,1,0,0,0,12.5
7656,38,0,2,1,1,0,0,0,12.5
7656,39,0,3,1,1,0,0,0,12.5
7656,40,0,1,2,1,0,0,0,12.5
7656,41,0,2,2,1,0,0,0,12.5
7656,42,0,3,2,1,0,0,0,12.5
7656,43,2,1,3,1,0,0,0,12.5
7656,44,0,2,3,1,0,0,0,12.5
7656,45,0,3,3,1,0,0,0,12.5
7656,46,0,1,4,1,0,0,0,12.5
7656,47,0,2,4,1,0,0,0,12.5
7656,48,0,3,4,1,0,0,0,12.5
7772,1,1,1,1,0,0,0,8.33,4.17
7772,2,0,2,1,0,0,0,8.33,4.17
7772,3,1,3,1,0,1,0,8.33,4.17
7772,4,1,1,2,0,0,0,8.33,4.17
7772,5,1,2,2,0,0,0,8.33,4.17
7772,6,2,3,2,0,0,0,8.33,4.17
7772,7,1,1,3,0,0,0,8.33,4.17
7772,8,1,2,3,0,0,0,8.33,4.17
7772,9,1,3,3,0,0,0,8.33,4.17
7772,10,2,1,4,0,0,0,8.33,4.17
7772,11,1,2,4,0,0,0,8.33,4.17
7772,12,1,3,4,0,0,0,8.33,4.17
7772,13,1,1,1,0,0,0,8.33,4.17
7772,14,1,2,1,0,0,0,8.33,4.17
7772,15,1,3,1,0,0,0,8.33,4.17
7772,16,1,1,2,0,0,0,8.33,4.17
7772,17,1,2,2,0,0,0,8.33,4.17
7772,18,1,3,2,0,0,0,8.33,4.17
7772,19,0,1,3,0,0,0,8.33,4.17
7772,20,1,2,3,0,0,0,8.33,4.17
7772,21,1,3,3,0,0,0,8.33,4.17
7772,22,0,1,4,0,0,0,8.33,4.17
7772,23,1,2,4,0,0,0,8.33,4.17
7772,24,0,3,4,0,0,0,8.33,4.17
7772,25,1,1,1,1,0,0,8.33,4.17
7772,26,1,2,1,1,0,0,8.33,4.17
7772,27,1,3,1,1,0,0,8.33,4.17
7772,28,1,1,2,1,0,0,8.33,4.17
7772,29,1,2,2,1,0,0,8.33,4.17
7772,30,1,3,2,1,0,0,8.33,4.17
7772,31,1,1,3,1,0,0,8.33,4.17
7772,32,1,2,3,1,0,0,8.33,4.17
7772,33,1,3,3,1,0,0,8.33,4.17
7772,34,1,1,4,1,0,0,8.33,4.17
7772,35,1,2,4,1,0,0,8.33,4.17
7772,36,1,3,4,1,0,0,8.33,4.17
7772,37,0,1,1,1,0,0,8.33,4.17
7772,38,1,2,1,1,0,0,8.33,4.17
7772,39,0,3,1,1,0,0,8.33,4.17
7772,40,1,1,2,1,0,0,8.33,4.17
7772,41,2,2,2,1,0,0,8.33,4.17
7772,42,1,3,2,1,0,0,8.33,4.17
7772,43,0,1,3,1,0,0,8.33,4.17
7772,44,1,2,3,1,0,0,8.33,4.17
7772,45,1,3,3,1,0,0,8.33,4.17
7772,46,0,1,4,1,0,0,8.33,4.17
7772,47,1,2,4,1,0,0,8.33,4.17
7772,48,1,3,4,1,0,0,8.33,4.17
7803,1,1,1,1,0,0,0,0,0
7803,2,1,2,1,0,0,0,0,0
7803,3,0,3,1,0,0,0,0,0
7803,4,0,1,2,0,0,0,0,0
7803,5,1,2,2,0,0,0,0,0
7803,6,1,3,2,0,0,0,0,0
7803,7,1,1,3,0,0,0,0,0
7803,8,1,2,3,0,0,0,0,0
7803,9,1,3,3,0,0,0,0,0
7803,10,1,1,4,0,0,0,0,0
7803,11,0,2,4,0,0,0,0,0
7803,12,1,3,4,0,0,0,0,0
7803,13,1,1,1,0,0,0,0,0
7803,14,0,2,1,0,0,0,0,0
7803,15,0,3,1,0,0,0,0,0
7803,16,1,1,2,0,0,0,0,0
7803,17,0,2,2,0,0,0,0,0
7803,18,1,3,2,0,0,0,0,0
7803,19,0,1,3,0,0,0,0,0
7803,20,0,2,3,0,0,0,0,0
7803,21,1,3,3,0,0,0,0,0
7803,22,1,1,4,0,0,0,0,0
7803,23,0,2,4,0,0,0,0,0
7803,24,0,3,4,0,0,0,0,0
7803,25,1,1,1,1,1,0,0,0
7803,26,1,2,1,1,0,0,0,0
7803,27,1,3,1,1,0,0,0,0
7803,28,1,1,2,1,0,0,0,0
7803,29,1,2,2,1,0,0,0,0
7803,30,0,3,2,1,0,0,0,0
7803,31,1,1,3,1,0,0,0,0
7803,32,1,2,3,1,0,0,0,0
7803,33,0,3,3,1,0,0,0,0
7803,34,0,1,4,1,0,0,0,0
7803,35,0,2,4,1,0,0,0,0
7803,36,1,3,4,1,0,0,0,0
7803,37,0,1,1,1,0,0,0,0
7803,38,1,2,1,1,0,0,0,0
7803,39,1,3,1,1,0,0,0,0
7803,40,1,1,2,1,0,0,0,0
7803,41,0,2,2,1,0,0,0,0
7803,42,1,3,2,1,0,0,0,0
7803,43,0,1,3,1,0,0,0,0
7803,44,1,2,3,1,0,0,0,0
7803,45,0,3,3,1,0,0,0,0
7803,46,0,1,4,1,0,0,0,0
7803,47,0,2,4,1,0,0,0,0
7803,48,1,3,4,1,0,0,0,0
7927,1,1,1,1,0,0,0,4.17,8.33
7927,2,1,2,1,0,0,0,4.17,8.33
7927,3,1,3,1,0,0,0,4.17,8.33
7927,4,1,1,2,0,0,0,4.17,8.33
7927,5,1,2,2,0,0,0,4.17,8.33
7927,6,1,3,2,0,0,0,4.17,8.33
7927,7,1,1,3,0,0,0,4.17,8.33
7927,8,1,2,3,0,0,0,4.17,8.33
7927,9,1,3,3,0,0,0,4.17,8.33
7927,10,1,1,4,0,0,0,4.17,8.33
7927,11,1,2,4,0,0,0,4.17,8.33
7927,12,1,3,4,0,0,0,4.17,8.33
7927,13,1,1,1,0,0,0,4.17,8.33
7927,14,1,2,1,0,0,0,4.17,8.33
7927,15,1,3,1,0,0,0,4.17,8.33
7927,16,1,1,2,0,0,0,4.17,8.33
7927,17,1,2,2,0,0,0,4.17,8.33
7927,18,1,3,2,0,0,0,4.17,8.33
7927,19,1,1,3,0,0,0,4.17,8.33
7927,20,2,2,3,0,0,0,4.17,8.33
7927,21,1,3,3,0,0,0,4.17,8.33
7927,22,1,1,4,0,1,0,4.17,8.33
7927,23,1,2,4,0,0,0,4.17,8.33
7927,24,1,3,4,0,0,0,4.17,8.33
7927,25,1,1,1,1,0,0,4.17,8.33
7927,26,1,2,1,1,0,0,4.17,8.33
7927,27,1,3,1,1,0,0,4.17,8.33
7927,28,1,1,2,1,0,0,4.17,8.33
7927,29,1,2,2,1,0,0,4.17,8.33
7927,30,1,3,2,1,0,0,4.17,8.33
7927,31,1,1,3,1,0,0,4.17,8.33
7927,32,1,2,3,1,1,0,4.17,8.33
7927,33,1,3,3,1,0,0,4.17,8.33
7927,34,2,1,4,1,0,0,4.17,8.33
7927,35,1,2,4,1,1,0,4.17,8.33
7927,36,1,3,4,1,0,0,4.17,8.33
7927,37,1,1,1,1,0,0,4.17,8.33
7927,38,1,2,1,1,0,0,4.17,8.33
7927,39,1,3,1,1,0,0,4.17,8.33
7927,40,1,1,2,1,0,0,4.17,8.33
7927,41,2,2,2,1,0,0,4.17,8.33
7927,42,1,3,2,1,0,0,4.17,8.33
7927,43,1,1,3,1,0,0,4.17,8.33
7927,44,1,2,3,1,0,0,4.17,8.33
7927,45,1,3,3,1,0,0,4.17,8.33
7927,46,1,1,4,1,1,0,4.17,8.33
7927,47,1,2,4,1,1,0,4.17,8.33
7927,48,1,3,4,1,0,0,4.17,8.33
8704,1,1,1,1,0,0,0,4.17,4.17
8704,2,1,2,1,0,0,0,4.17,4.17
8704,3,1,3,1,0,0,0,4.17,4.17
8704,4,1,1,2,0,0,0,4.17,4.17
8704,5,1,2,2,0,0,0,4.17,4.17
8704,6,1,3,2,0,0,0,4.17,4.17
8704,7,1,1,3,0,0,0,4.17,4.17
8704,8,1,2,3,0,0,0,4.17,4.17
8704,9,1,3,3,0,0,0,4.17,4.17
8704,10,0,1,4,0,0,0,4.17,4.17
8704,11,1,2,4,0,0,0,4.17,4.17
8704,12,1,3,4,0,1,0,4.17,4.17
8704,13,1,1,1,0,0,0,4.17,4.17
8704,14,1,2,1,0,0,0,4.17,4.17
8704,15,1,3,1,0,0,0,4.17,4.17
8704,16,1,1,2,0,0,0,4.17,4.17
8704,17,1,2,2,0,0,0,4.17,4.17
8704,18,1,3,2,0,0,0,4.17,4.17
8704,19,1,1,3,0,0,0,4.17,4.17
8704,20,2,2,3,0,0,0,4.17,4.17
8704,21,1,3,3,0,0,0,4.17,4.17
8704,22,1,1,4,0,0,0,4.17,4.17
8704,23,1,2,4,0,0,0,4.17,4.17
8704,24,1,3,4,0,0,0,4.17,4.17
8704,25,1,1,1,1,0,0,4.17,4.17
8704,26,1,2,1,1,0,0,4.17,4.17
8704,27,1,3,1,1,0,0,4.17,4.17
8704,28,1,1,2,1,0,0,4.17,4.17
8704,29,1,2,2,1,0,0,4.17,4.17
8704,30,0,3,2,1,0,0,4.17,4.17
8704,31,1,1,3,1,0,0,4.17,4.17
8704,32,1,2,3,1,1,0,4.17,4.17
8704,33,1,3,3,1,0,0,4.17,4.17
8704,34,0,1,4,1,0,0,4.17,4.17
8704,35,1,2,4,1,0,0,4.17,4.17
8704,36,1,3,4,1,0,0,4.17,4.17
8704,37,1,1,1,1,0,0,4.17,4.17
8704,38,1,2,1,1,0,0,4.17,4.17
8704,39,1,3,1,1,0,0,4.17,4.17
8704,40,1,1,2,1,0,0,4.17,4.17
8704,41,1,2,2,1,0,0,4.17,4.17
8704,42,1,3,2,1,0,0,4.17,4.17
8704,43,0,1,3,1,0,0,4.17,4.17
8704,44,1,2,3,1,0,0,4.17,4.17
8704,45,1,3,3,1,0,0,4.17,4.17
8704,46,0,1,4,1,0,0,4.17,4.17
8704,47,0,2,4,1,0,0,4.17,4.17
8704,48,2,3,4,1,0,0,4.17,4.17
8949,1,1,1,1,0,0,0,0,4.17
8949,2,0,2,1,0,0,0,0,4.17
8949,3,0,3,1,0,0,0,0,4.17
8949,4,1,1,2,0,0,0,0,4.17
8949,5,1,2,2,0,0,0,0,4.17
8949,6,1,3,2,0,0,0,0,4.17
8949,7,1,1,3,0,0,0,0,4.17
8949,8,1,2,3,0,0,0,0,4.17
8949,9,1,3,3,0,0,0,0,4.17
8949,10,1,1,4,0,0,0,0,4.17
8949,11,1,2,4,0,0,0,0,4.17
8949,12,1,3,4,0,0,0,0,4.17
8949,13,0,1,1,0,0,0,0,4.17
8949,14,1,2,1,0,0,0,0,4.17
8949,15,1,3,1,0,0,0,0,4.17
8949,16,0,1,2,0,0,0,0,4.17
8949,17,0,2,2,0,0,0,0,4.17
8949,18,1,3,2,0,0,0,0,4.17
8949,19,0,1,3,0,0,0,0,4.17
8949,20,1,2,3,0,0,0,0,4.17
8949,21,1,3,3,0,0,0,0,4.17
8949,22,0,1,4,0,0,0,0,4.17
8949,23,1,2,4,0,0,0,0,4.17
8949,24,1,3,4,0,0,0,0,4.17
8949,25,1,1,1,1,0,0,0,4.17
8949,26,1,2,1,1,0,0,0,4.17
8949,27,1,3,1,1,0,0,0,4.17
8949,28,1,1,2,1,0,0,0,4.17
8949,29,1,2,2,1,0,0,0,4.17
8949,30,1,3,2,1,0,0,0,4.17
8949,31,1,1,3,1,0,0,0,4.17
8949,32,1,2,3,1,0,0,0,4.17
8949,33,1,3,3,1,0,0,0,4.17
8949,34,1,1,4,1,0,0,0,4.17
8949,35,0,2,4,1,0,0,0,4.17
8949,36,0,3,4,1,0,0,0,4.17
8949,37,2,1,1,1,0,0,0,4.17
8949,38,0,2,1,1,0,0,0,4.17
8949,39,1,3,1,1,0,0,0,4.17
8949,40,1,1,2,1,0,0,0,4.17
8949,41,1,2,2,1,0,0,0,4.17
8949,42,1,3,2,1,0,0,0,4.17
8949,43,0,1,3,1,0,0,0,4.17
8949,44,1,2,3,1,0,0,0,4.17
8949,45,1,3,3,1,0,0,0,4.17
8949,46,0,1,4,1,0,0,0,4.17
8949,47,1,2,4,1,0,0,0,4.17
8949,48,0,3,4,1,0,0,0,4.17
8987,1,1,1,1,0,0,0,4.17,0
8987,2,1,2,1,0,0,0,4.17,0
8987,3,1,3,1,0,0,0,4.17,0
8987,4,0,1,2,0,0,0,4.17,0
8987,5,1,2,2,0,0,0,4.17,0
8987,6,1,3,2,0,0,0,4.17,0
8987,7,2,1,3,0,0,0,4.17,0
8987,8,1,2,3,0,0,0,4.17,0
8987,9,1,3,3,0,0,0,4.17,0
8987,10,0,1,4,0,0,0,4.17,0
8987,11,1,2,4,0,0,0,4.17,0
8987,12,1,3,4,0,0,0,4.17,0
8987,13,1,1,1,0,0,0,4.17,0
8987,14,1,2,1,0,0,0,4.17,0
8987,15,1,3,1,0,0,0,4.17,0
8987,16,1,1,2,0,0,0,4.17,0
8987,17,1,2,2,0,0,0,4.17,0
8987,18,1,3,2,0,0,0,4.17,0
8987,19,1,1,3,0,0,0,4.17,0
8987,20,1,2,3,0,0,0,4.17,0
8987,21,1,3,3,0,0,0,4.17,0
8987,22,1,1,4,0,0,0,4.17,0
8987,23,1,2,4,0,0,0,4.17,0
8987,24,1,3,4,0,0,0,4.17,0
8987,25,0,1,1,1,0,0,4.17,0
8987,26,1,2,1,1,0,0,4.17,0
8987,27,1,3,1,1,0,0,4.17,0
8987,28,1,1,2,1,0,0,4.17,0
8987,29,1,2,2,1,0,0,4.17,0
8987,30,1,3,2,1,0,0,4.17,0
8987,31,0,1,3,1,0,0,4.17,0
8987,32,1,2,3,1,0,0,4.17,0
8987,33,1,3,3,1,0,0,4.17,0
8987,34,1,1,4,1,0,0,4.17,0
8987,35,1,2,4,1,0,0,4.17,0
8987,36,1,3,4,1,0,0,4.17,0
8987,37,0,1,1,1,0,0,4.17,0
8987,38,1,2,1,1,0,0,4.17,0
8987,39,1,3,1,1,0,0,4.17,0
8987,40,1,1,2,1,0,0,4.17,0
8987,41,1,2,2,1,0,0,4.17,0
8987,42,1,3,2,1,0,0,4.17,0
8987,43,1,1,3,1,0,0,4.17,0
8987,44,1,2,3,1,0,0,4.17,0
8987,45,1,3,3,1,0,0,4.17,0
8987,46,1,1,4,1,0,0,4.17,0
8987,47,1,2,4,1,0,0,4.17,0
8987,48,1,3,4,1,0,0,4.17,0
9045,1,0,1,1,0,0,0,0,4.17
9045,2,1,2,1,0,0,0,0,4.17
9045,3,1,3,1,0,0,0,0,4.17
9045,4,0,1,2,0,0,0,0,4.17
9045,5,1,2,2,0,0,0,0,4.17
9045,6,1,3,2,0,0,0,0,4.17
9045,7,0,1,3,0,0,0,0,4.17
9045,8,1,2,3,0,0,0,0,4.17
9045,9,1,3,3,0,0,0,0,4.17
9045,10,1,1,4,0,0,0,0,4.17
9045,11,1,2,4,0,0,0,0,4.17
9045,12,1,3,4,0,0,0,0,4.17
9045,13,0,1,1,0,0,0,0,4.17
9045,14,1,2,1,0,0,0,0,4.17
9045,15,1,3,1,0,0,0,0,4.17
9045,16,0,1,2,0,0,0,0,4.17
9045,17,1,2,2,0,0,0,0,4.17
9045,18,1,3,2,0,0,0,0,4.17
9045,19,0,1,3,0,0,0,0,4.17
9045,20,1,2,3,0,0,0,0,4.17
9045,21,1,3,3,0,0,0,0,4.17
9045,22,0,1,4,0,0,0,0,4.17
9045,23,1,2,4,0,0,0,0,4.17
9045,24,1,3,4,0,0,0,0,4.17
9045,25,0,1,1,1,0,0,0,4.17
9045,26,0,2,1,1,0,0,0,4.17
9045,27,1,3,1,1,0,0,0,4.17
9045,28,1,1,2,1,0,0,0,4.17
9045,29,1,2,2,1,0,0,0,4.17
9045,30,1,3,2,1,0,0,0,4.17
9045,31,0,1,3,1,0,0,0,4.17
9045,32,0,2,3,1,0,0,0,4.17
9045,33,1,3,3,1,0,0,0,4.17
9045,34,0,1,4,1,0,0,0,4.17
9045,35,1,2,4,1,0,0,0,4.17
9045,36,1,3,4,1,0,0,0,4.17
9045,37,0,1,1,1,0,0,0,4.17
9045,38,1,2,1,1,0,0,0,4.17
9045,39,1,3,1,1,0,0,0,4.17
9045,40,0,1,2,1,0,0,0,4.17
9045,41,1,2,2,1,0,0,0,4.17
9045,42,1,3,2,1,0,0,0,4.17
9045,43,0,1,3,1,0,0,0,4.17
9045,44,1,2,3,1,0,0,0,4.17
9045,45,1,3,3,1,0,0,0,4.17
9045,46,2,1,4,1,0,0,0,4.17
9045,47,0,2,4,1,0,0,0,4.17
9045,48,1,3,4,1,1,0,0,4.17
9203,1,1,1,1,0,0,0,0,0
9203,2,1,2,1,0,0,0,0,0
9203,3,1,3,1,0,0,0,0,0
9203,4,1,1,2,0,0,0,0,0
9203,5,1,2,2,0,0,0,0,0
9203,6,1,3,2,0,0,0,0,0
9203,7,1,1,3,0,0,0,0,0
9203,8,1,2,3,0,0,0,0,0
9203,9,1,3,3,0,0,0,0,0
9203,10,1,1,4,0,1,0,0,0
9203,11,1,2,4,0,0,0,0,0
9203,12,1,3,4,0,0,0,0,0
9203,13,1,1,1,0,0,0,0,0
9203,14,1,2,1,0,0,0,0,0
9203,15,1,3,1,0,0,0,0,0
9203,16,1,1,2,0,0,0,0,0
9203,17,1,2,2,0,0,0,0,0
9203,18,1,3,2,0,0,0,0,0
9203,19,1,1,3,0,0,0,0,0
9203,20,1,2,3,0,0,0,0,0
9203,21,1,3,3,0,0,0,0,0
9203,22,1,1,4,0,0,0,0,0
9203,23,1,2,4,0,0,0,0,0
9203,24,1,3,4,0,1,0,0,0
9203,25,1,1,1,1,0,0,0,0
9203,26,1,2,1,1,0,0,0,0
9203,27,1,3,1,1,0,0,0,0
9203,28,1,1,2,1,0,0,0,0
9203,29,1,2,2,1,0,0,0,0
9203,30,1,3,2,1,0,0,0,0
9203,31,1,1,3,1,0,0,0,0
9203,32,1,2,3,1,0,0,0,0
9203,33,1,3,3,1,0,0,0,0
9203,34,1,1,4,1,0,0,0,0
9203,35,1,2,4,1,0,0,0,0
9203,36,1,3,4,1,0,0,0,0
9203,37,1,1,1,1,0,0,0,0
9203,38,1,2,1,1,0,0,0,0
9203,39,1,3,1,1,0,0,0,0
9203,40,1,1,2,1,0,0,0,0
9203,41,1,2,2,1,0,0,0,0
9203,42,1,3,2,1,0,0,0,0
9203,43,1,1,3,1,0,0,0,0
9203,44,1,2,3,1,0,0,0,0
9203,45,1,3,3,1,0,0,0,0
9203,46,1,1,4,1,0,0,0,0
9203,47,1,2,4,1,0,0,0,0
9203,48,1,3,4,1,0,0,0,0
9350,1,1,1,1,0,0,0,0,0
9350,2,1,2,1,0,0,0,0,0
9350,3,1,3,1,0,0,0,0,0
9350,4,1,1,2,0,0,0,0,0
9350,5,1,2,2,0,0,0,0,0
9350,6,1,3,2,0,0,0,0,0
9350,7,1,1,3,0,0,0,0,0
9350,8,1,2,3,0,0,0,0,0
9350,9,1,3,3,0,0,0,0,0
9350,10,1,1,4,0,0,0,0,0
9350,11,1,2,4,0,0,0,0,0
9350,12,1,3,4,0,0,0,0,0
9350,13,1,1,1,0,0,0,0,0
9350,14,1,2,1,0,0,0,0,0
9350,15,1,3,1,0,0,0,0,0
9350,16,1,1,2,0,0,0,0,0
9350,17,1,2,2,0,0,0,0,0
9350,18,1,3,2,0,0,0,0,0
9350,19,1,1,3,0,0,0,0,0
9350,20,1,2,3,0,0,0,0,0
9350,21,1,3,3,0,0,0,0,0
9350,22,1,1,4,0,0,0,0,0
9350,23,1,2,4,0,0,0,0,0
9350,24,1,3,4,0,0,0,0,0
9350,25,1,1,1,1,0,0,0,0
9350,26,1,2,1,1,0,0,0,0
9350,27,1,3,1,1,0,0,0,0
9350,28,1,1,2,1,0,0,0,0
9350,29,1,2,2,1,0,0,0,0
9350,30,1,3,2,1,0,0,0,0
9350,31,1,1,3,1,0,0,0,0
9350,32,1,2,3,1,0,0,0,0
9350,33,1,3,3,1,0,0,0,0
9350,34,1,1,4,1,0,0,0,0
9350,35,1,2,4,1,0,0,0,0
9350,36,1,3,4,1,0,0,0,0
9350,37,1,1,1,1,0,0,0,0
9350,38,1,2,1,1,0,0,0,0
9350,39,1,3,1,1,0,0,0,0
9350,40,1,1,2,1,0,0,0,0
9350,41,1,2,2,1,0,0,0,0
9350,42,1,3,2,1,0,0,0,0
9350,43,1,1,3,1,0,0,0,0
9350,44,1,2,3,1,0,0,0,0
9350,45,1,3,3,1,0,0,0,0
9350,46,1,1,4,1,0,0,0,0
9350,47,1,2,4,1,0,0,0,0
9350,48,1,3,4,1,0,0,0,0
9779,1,1,1,1,0,0,0,4.17,4.17
9779,2,1,2,1,0,0,0,4.17,4.17
9779,3,1,3,1,0,0,0,4.17,4.17
9779,4,1,1,2,0,0,0,4.17,4.17
9779,5,1,2,2,0,0,0,4.17,4.17
9779,6,1,3,2,0,0,0,4.17,4.17
9779,7,1,1,3,0,0,0,4.17,4.17
9779,8,1,2,3,0,0,0,4.17,4.17
9779,9,1,3,3,0,0,0,4.17,4.17
9779,10,1,1,4,0,0,0,4.17,4.17
9779,11,2,2,4,0,0,0,4.17,4.17
9779,12,1,3,4,0,0,0,4.17,4.17
9779,13,0,1,1,0,0,0,4.17,4.17
9779,14,0,2,1,0,0,0,4.17,4.17
9779,15,1,3,1,0,0,0,4.17,4.17
9779,16,1,1,2,0,0,0,4.17,4.17
9779,17,1,2,2,0,0,0,4.17,4.17
9779,18,1,3,2,0,0,0,4.17,4.17
9779,19,1,1,3,0,0,0,4.17,4.17
9779,20,0,2,3,0,0,0,4.17,4.17
9779,21,1,3,3,0,0,0,4.17,4.17
9779,22,1,1,4,0,1,0,4.17,4.17
9779,23,1,2,4,0,0,0,4.17,4.17
9779,24,1,3,4,0,0,0,4.17,4.17
9779,25,1,1,1,1,0,0,4.17,4.17
9779,26,1,2,1,1,0,0,4.17,4.17
9779,27,1,3,1,1,0,0,4.17,4.17
9779,28,1,1,2,1,0,0,4.17,4.17
9779,29,1,2,2,1,0,0,4.17,4.17
9779,30,1,3,2,1,0,0,4.17,4.17
9779,31,0,1,3,1,0,0,4.17,4.17
9779,32,1,2,3,1,0,0,4.17,4.17
9779,33,1,3,3,1,0,0,4.17,4.17
9779,34,2,1,4,1,0,0,4.17,4.17
9779,35,1,2,4,1,0,0,4.17,4.17
9779,36,0,3,4,1,0,0,4.17,4.17
9779,37,1,1,1,1,0,0,4.17,4.17
9779,38,1,2,1,1,0,0,4.17,4.17
9779,39,1,3,1,1,0,0,4.17,4.17
9779,40,1,1,2,1,0,0,4.17,4.17
9779,41,1,2,2,1,0,0,4.17,4.17
9779,42,0,3,2,1,0,0,4.17,4.17
9779,43,1,1,3,1,0,0,4.17,4.17
9779,44,1,2,3,1,0,0,4.17,4.17
9779,45,1,3,3,1,0,0,4.17,4.17
9779,46,1,1,4,1,0,0,4.17,4.17
9779,47,0,2,4,1,0,0,4.17,4.17
9779,48,0,3,4,1,0,0,4.17,4.17
